Date,Price,Open,High,Low,Vol,percent
"Feb 01, 2018",59258.37,59456.87,59865.28,59046.19,352.43M,-0.42%
"Jan 31, 2018",59506.12,59716.34,59856.16,59384.94,311.07M,-0.07%
"Jan 30, 2018",59546.23,60315.28,60342.72,59328.07,358.37M,-2.07%
"Jan 29, 2018",60806.9,61560.15,61619.24,60697.12,356.09M,-1.28%
"Jan 26, 2018",61595.86,61768.79,61776.68,61422.96,294.05M,-0.14%
"Jan 25, 2018",61684.77,61398.66,61696.75,61210.87,273.90M,0.10%
"Jan 24, 2018",61623.13,61597.81,61704.25,61377.18,298.51M,0.24%
"Jan 23, 2018",61475.44,61342.45,61620.98,61327.72,350.59M,0.68%
"Jan 22, 2018",61060.28,61041.9,61190.94,60856.58,297.97M,0.24%
"Jan 19, 2018",60912.88,60953.24,61023.21,60613.97,273.31M,-0.02%
"Jan 18, 2018",60922.55,61033.47,104919.62,60680.99,351.51M,-0.00%
"Jan 17, 2018",60924.46,60633.55,61309.18,60434.59,286.11M,0.45%
"Jan 16, 2018",60649.6,60368.58,60706.97,60305.8,252.83M,0.68%
"Jan 15, 2018",60240.96,60155.29,60320.54,60032.71,190.32M,0.26%
"Jan 12, 2018",60083.13,59884.29,60083.13,59732.58,165.48M,0.80%
"Jan 11, 2018",59606.02,59738.2,59789.08,59356.89,394.14M,-0.62%
"Jan 10, 2018",59979.63,60000.6,60182.7,59689.21,483.82M,-0.22%
"Jan 09, 2018",60113.65,60116.69,60206.59,59888.4,204.14M,0.13%
"Jan 08, 2018",60038.39,59857.94,60082.44,59604.1,173.36M,0.54%
"Jan 05, 2018",59717.2,59479.19,59835.12,59263.93,156.62M,0.40%
"Jan 04, 2018",59476.77,59569.48,59820.59,59027.01,221.70M,-0.26%
"Jan 03, 2018",59629.64,60070.74,60150.69,59008.78,165.49M,-0.17%
"Jan 02, 2018",59731.16,59728.85,59790.28,59308.36,149.54M,0.38%
"Dec 29, 2017",59504.67,59076.94,59504.67,58817.11,90.55M,0.94%
"Dec 28, 2017",58952.89,58860.01,59020.93,58505.98,133.24M,0.19%
"Dec 27, 2017",58844.01,58800.23,58844.01,58398.94,123.69M,0.07%
"Dec 22, 2017",58800.23,58961.9,58981.96,58476.04,99.47M,0.05%
"Dec 21, 2017",58771.79,58086.6,59028.84,58052.92,737.55M,1.27%
"Dec 20, 2017",58032.09,58190.68,58473.92,58032.09,534.33M,-0.24%
"Dec 19, 2017",58170.44,57647.86,58675.54,57620,659.20M,0.80%
"Dec 18, 2017",57707.42,57225.9,57998.02,57225.9,472.82M,0.51%
"Dec 15, 2017",57412.76,57771.88,57771.93,57236.97,783.81M,-0.75%
"Dec 14, 2017",57845.57,57336.82,57845.57,57257.61,394.69M,0.87%
"Dec 13, 2017",57344.41,57591.78,57695.54,57152.27,1.35B,-0.31%
"Dec 12, 2017",57523.62,57780,57811.23,57315.02,,-0.82%
"Dec 11, 2017",57997.33,58026.45,58209.43,57791.25,330.52M,-0.03%
"Dec 08, 2017",58012.31,58367.62,58441.15,57825.85,502.96M,-0.00%
"Dec 07, 2017",58013.18,58095.69,58098.66,57751.85,1.06B,0.01%
"Dec 06, 2017",58010.18,58512.12,58563.99,57860.88,620.37M,-1.64%
"Dec 05, 2017",58977.23,59135.45,59135.45,58747.12,316.93M,-1.06%
"Dec 04, 2017",59607.34,59869.05,59998.05,59395.83,304.14M,0.27%
"Dec 01, 2017",59449.38,59651.21,59782.21,59337.58,287.73M,-0.54%
"Nov 30, 2017",59772.83,59831.56,60112.84,59772.83,521.43M,-1.07%
"Nov 29, 2017",60418.39,60085.06,60528.43,59954.35,237.23M,0.56%
"Nov 28, 2017",60082.79,59916.76,60340.58,59891.94,374.98M,-0.12%
"Nov 27, 2017",60157.56,60192.79,60497.17,60079.92,244.07M,-0.28%
"Nov 24, 2017",60323.95,60409.89,60554.93,60264.14,191.97M,0.04%
"Nov 23, 2017",60298.16,60714.91,60848.09,60254.85,212.19M,-0.75%
"Nov 22, 2017",60751.18,61135.17,61198.11,60699.49,255.83M,-0.75%
"Nov 21, 2017",61211.52,60957.58,61298.6,60843.22,248.79M,1.18%
"Nov 20, 2017",60500.61,60290.91,60528.93,60230.23,252.85M,0.62%
"Nov 17, 2017",60128.41,59767.71,60183.49,59733.5,274.46M,0.97%
"Nov 16, 2017",59549.22,59342.22,59688.73,59342.22,335.54M,0.62%
"Nov 15, 2017",59185.21,59275.95,59671.39,59185.21,296.33M,-0.56%
"Nov 14, 2017",59518.9,59822.17,59952.88,59501.81,268.52M,-0.51%
"Nov 13, 2017",59821.49,59938.02,60150.04,59762.35,187.24M,0.08%
"Nov 10, 2017",59776.12,59935.15,60142.35,59776.12,242.92M,-0.14%
"Nov 09, 2017",59862.11,60064.61,60270.95,59790.95,,-0.36%
"Nov 08, 2017",60078.03,60101.71,60203.43,59935.36,261.91M,-0.17%
"Nov 07, 2017",60182.6,60423.53,60589.77,60182.6,258.84M,0.35%
"Nov 06, 2017",59975.67,60031.29,60140.33,59846.11,172.75M,0.57%
"Nov 03, 2017",59638.21,59585.65,59760.45,59473.35,199.55M,0.52%
"Nov 02, 2017",59331.2,59400.74,59517.01,59296.79,196.64M,-0.31%
"Nov 01, 2017",59514.11,59387.93,59787.12,59377.81,274.27M,0.91%
"Oct 31, 2017",58980.11,59019.05,59038.37,58801.72,253.55M,0.17%
"Oct 30, 2017",58879.14,58769.63,58974.81,58649.86,280.41M,0.28%
"Oct 27, 2017",58714.04,58578.58,58825.63,58466.98,284.29M,0.24%
"Oct 26, 2017",58576.29,58376.95,58866.95,58349.97,411.44M,0.78%
"Oct 25, 2017",58123.13,57964.91,58302.34,57870.19,244.47M,0.38%
"Oct 24, 2017",57904.72,57989.5,58048.46,57761.85,195.24M,-0.16%
"Oct 23, 2017",57999.6,58029.86,58204.16,57914.74,188.60M,0.09%
"Oct 20, 2017",57948.66,58233.76,58262.02,57948.66,283.63M,0.09%
"Oct 19, 2017",57896.83,58092.71,58092.71,57681.26,304.22M,-0.44%
"Oct 18, 2017",58152.41,57770.1,58197.65,57668.12,244.94M,0.47%
"Oct 17, 2017",57882.67,58177.02,58204.66,57796.71,230.70M,-0.48%
"Oct 16, 2017",58163.56,58163.56,58163.56,58163.56,226.57M,0.50%
"Oct 13, 2017",57876.6,57792.1,57920.52,57569.63,269.83M,0.22%
"Oct 12, 2017",57747.34,57754.85,57845.51,57614.98,264.11M,-0.04%
"Oct 11, 2017",57770.73,57776.56,57827.74,57601.21,279.15M,0.24%
"Oct 10, 2017",57629.93,57544.61,57629.93,57472.36,243.09M,0.17%
"Oct 09, 2017",57530.11,57297.42,57750.97,57297.42,227.72M,0.52%
"Oct 06, 2017",57231.87,57209.79,57353.43,57066.21,363.05M,0.41%
"Oct 05, 2017",56999.79,56808.67,57061.26,56710.79,247.96M,0.44%
"Oct 04, 2017",56750.03,56435.69,56750.03,56435.69,1.31B,0.70%
"Oct 03, 2017",56358.26,55951.42,56455.18,55951.42,321.23M,1.04%
"Oct 02, 2017",55778.27,55838.58,56063.27,55778.27,288.17M,0.36%
"Sep 29, 2017",55579.92,55300.88,55677.52,54993.94,308.66M,1.06%
"Sep 28, 2017",54994.35,55258.23,55258.23,54941.64,286.48M,-0.40%
"Sep 27, 2017",55214.07,55258.93,55333.46,55114.2,276.35M,0.26%
"Sep 26, 2017",55070.38,55423.38,55423.38,54894.11,275.98M,-1.38%
"Sep 22, 2017",55839.73,55749.23,55903.18,55544.75,229.95M,-0.05%
"Sep 21, 2017",55867.34,55867.46,56072.2,55703.42,846.77M,-0.00%
"Sep 20, 2017",55867.46,55880.7,56026.85,55705.71,265.09M,-0.26%
"Sep 19, 2017",56011.16,56103.17,56144.13,55714.71,281.62M,-0.07%
"Sep 18, 2017",56050.1,55992.03,56209.57,55907.14,211.27M,0.73%
"Sep 15, 2017",55645.15,55824.51,55856.11,55526.14,494.36M,-0.37%
"Sep 14, 2017",55850.32,56025.3,56025.3,55658.37,325.14M,-0.54%
"Sep 13, 2017",56152.54,56331.85,56426.27,56152.54,245.98M,-0.38%
"Sep 12, 2017",56366.16,56126.55,56484.73,56126.55,186.30M,0.64%
"Sep 11, 2017",56008.77,55928.96,56107.77,55867.52,323.43M,0.51%
"Sep 08, 2017",55724.67,55849.44,55911.45,55626.66,293.66M,-0.27%
"Sep 07, 2017",55878.19,55328.66,55927.91,55149.41,249.15M,0.72%
"Sep 06, 2017",55480.2,55966.12,55966.12,55426.79,445.61M,-1.18%
"Sep 05, 2017",56144.8,56236.54,56377.6,56144.8,249.74M,-0.30%
"Sep 04, 2017",56312.85,56343.03,56520.8,56159.39,183.64M,-0.35%
"Sep 01, 2017",56513.46,56602.19,56655.09,56433.36,210.88M,-0.02%
"Aug 31, 2017",56522.11,56199.7,56538.3,56196.95,353.73M,0.63%
"Aug 30, 2017",56168,56668.43,56711.27,56144.32,242.73M,-0.43%
"Aug 29, 2017",56409.62,56384.29,56414.9,56066.78,301.97M,-0.26%
"Aug 28, 2017",56555.62,56499.91,56695.91,56436.9,160.06M,-0.18%
"Aug 25, 2017",56655.88,56474.08,56896.89,56474.08,245.99M,0.12%
"Aug 24, 2017",56588.99,56162.97,56713.97,56162.75,395.20M,0.76%
"Aug 23, 2017",56162.3,55918.08,56326.03,55918.08,264.26M,0.23%
"Aug 22, 2017",56033.96,55757.24,56071.9,55717.29,246.76M,1.05%
"Aug 21, 2017",55450.53,55402.34,55640.07,55402.34,180.52M,0.26%
"Aug 18, 2017",55304.23,55239.62,55477.79,55193.09,188.46M,-0.20%
"Aug 17, 2017",55415.27,55535.8,55807.29,55315,205.83M,-0.21%
"Aug 16, 2017",55534.6,55120.13,55631.97,55120.13,245.24M,1.00%
"Aug 15, 2017",54983.32,55471.77,55497.64,54983.32,192.66M,-0.87%
"Aug 14, 2017",55465.65,55435.49,55663.28,55432.86,193.52M,0.56%
"Aug 11, 2017",55155.13,55128.97,55305.45,55022.98,198.25M,-0.98%
"Aug 10, 2017",55700.64,56138.27,56175.95,55563.71,225.48M,-0.50%
"Aug 08, 2017",55980.05,56342.27,56342.27,55899.46,291.73M,-0.33%
"Aug 07, 2017",56163.6,56377.28,56396.24,56072.86,228.01M,0.39%
"Aug 04, 2017",55944.83,55874.78,56032.91,55769.69,240.00M,0.47%
"Aug 03, 2017",55685.01,55432.52,55687.82,55317.6,292.62M,0.88%
"Aug 02, 2017",55200.49,55347.18,55554.23,55151.46,273.96M,-0.34%
"Aug 01, 2017",55390.07,55328.98,55392.19,55082.91,269.28M,0.33%
"Jul 31, 2017",55207.41,55281.46,55366.74,55081.78,309.86M,0.59%
"Jul 28, 2017",54883.21,54520.6,54933.88,54520.6,227.46M,-0.01%
"Jul 27, 2017",54888.89,55074.13,55222.81,54794.03,267.97M,0.10%
"Jul 26, 2017",54836.19,54475.73,54914.02,54424.46,208.53M,0.62%
"Jul 25, 2017",54499.11,54428.74,54802.03,54396.96,187.34M,0.24%
"Jul 24, 2017",54368.62,54293.29,54579.55,54288.66,-,0.38%
"Jul 21, 2017",54162.71,54275.24,54679.87,54112.14,190.00M,-0.23%
"Jul 20, 2017",54287.32,54087.95,54499.2,54087.95,211.31M,0.36%
"Jul 19, 2017",54091.11,53751.76,54123.02,53691.86,253.14M,1.56%
"Jul 18, 2017",53261.64,53610.76,53666.24,53237.27,171.96M,-1.05%
"Jul 17, 2017",53827.41,53695.46,53827.41,53521.64,204.94M,0.43%
"Jul 14, 2017",53597.96,53236.31,53597.96,53191.08,189.79M,0.56%
"Jul 13, 2017",53300.96,52944.35,53300.96,52944.35,223.41M,0.75%
"Jul 12, 2017",52905.98,52579.11,52976.43,52519.98,-,1.01%
"Jul 11, 2017",52376.38,52653.37,52748.15,52308.47,262.40M,0.36%
"Jul 10, 2017",52187.92,52034.07,52187.92,51782.91,158.32M,0.55%
"Jul 07, 2017",51900.26,52283.75,52283.75,51725.48,206.16M,-0.74%
"Jul 06, 2017",52285.08,52533.4,52719.61,52189.15,244.62M,-0.38%
"Jul 05, 2017",52483.9,51936.27,52508.77,51936.27,223.19M,0.84%
"Jul 04, 2017",52049.25,51809.74,52174.99,51734.57,140.27M,-0.22%
"Jul 03, 2017",52163.8,51667.3,52163.8,51491.8,234.16M,1.07%
"Jun 30, 2017",51611.01,51304.89,51721.49,51146.01,265.81M,0.50%
"Jun 29, 2017",51355.97,51760.74,51963.66,51066.13,241.08M,-0.47%
"Jun 28, 2017",51596.84,51329.95,51628.48,51296.22,195.07M,0.32%
"Jun 27, 2017",51432.24,51444.64,51628.46,51267.01,197.68M,0.28%
"Jun 26, 2017",51288.71,51697.1,51697.1,51288.71,219.16M,-0.42%
"Jun 23, 2017",51503.52,51000.64,51572.75,50982.68,211.50M,0.84%
"Jun 22, 2017",51072.86,51296.19,51296.19,50795,225.40M,-0.64%
"Jun 21, 2017",51402.69,51040.49,51402.69,50803.87,251.99M,0.47%
"Jun 20, 2017",51160.57,51626.32,51642.61,51150.76,269.59M,-0.88%
"Jun 19, 2017",51615.9,51162.36,51615.9,51031.55,288.16M,1.54%
"Jun 15, 2017",50831.89,51343.64,51343.64,50749.68,815.27M,-1.28%
"Jun 14, 2017",51489.16,51826.15,51971.17,51489.16,362.62M,-0.26%
"Jun 13, 2017",51625.07,51783.56,51959.57,51594.09,261.01M,0.12%
"Jun 12, 2017",51564,51867.78,51911.19,51523.88,252.34M,-1.25%
"Jun 09, 2017",52216.93,52075.87,52302.93,51947.96,259.24M,0.50%
"Jun 08, 2017",51958.52,52221.53,52221.53,51787.89,253.20M,-0.31%
"Jun 07, 2017",52117.82,52172.7,52450.05,52117.82,305.61M,-0.26%
"Jun 06, 2017",52251.87,52810.37,52865.75,52251.87,302.54M,-1.17%
"Jun 05, 2017",52870.12,52686.5,53052.25,52585.84,379.91M,-0.04%
"Jun 02, 2017",52889.7,53012.76,53169.75,52639.42,315.96M,0.09%
"Jun 01, 2017",52840.68,53486.24,53549.79,52837.9,616.32M,-1.35%
"May 31, 2017",53562.57,53806.29,53950.96,53394.35,413.54M,-1.10%
"May 30, 2017",54158.04,53904.42,54190.95,53828.24,170.25M,0.40%
"May 29, 2017",53944.22,53906.33,53988.69,53806.47,102.25M,-0.10%
"May 26, 2017",53996.14,53945.77,54081.55,53751.4,190.06M,-0.06%
"May 25, 2017",54028.39,54369.5,54432.6,54017.03,254.56M,-0.52%
"May 24, 2017",54308.67,54209.34,54519.91,54080.18,223.18M,-0.44%
"May 23, 2017",54548.91,54462.52,54716.53,54437.72,220.90M,0.06%
"May 22, 2017",54517.06,54662.72,54666.17,54347.53,188.68M,0.16%
"May 19, 2017",54427.3,54298.5,54486.91,54156.08,231.89M,0.42%
"May 18, 2017",54197.12,54033.2,54329.14,53955.69,341.81M,0.36%
"May 17, 2017",54001.94,54006.26,54296.05,53817.64,275.15M,-0.04%
"May 16, 2017",54023.12,53927.48,54200.41,53791.78,203.09M,-0.05%
"May 15, 2017",54052.18,54123.45,54254.37,53767.13,156.68M,-0.02%
"May 12, 2017",54063.34,54056.44,54090.34,53896.61,163.44M,-0.09%
"May 11, 2017",54114,54404.01,54444.63,53913.32,207.40M,-0.26%
"May 10, 2017",54254.35,54350.1,54391.04,54117.04,234.41M,0.15%
"May 09, 2017",54172.76,53985.74,54286.88,53967.63,199.19M,0.89%
"May 08, 2017",53696.37,53561.61,53728.63,53442.03,172.15M,0.22%
"May 05, 2017",53579.01,53420.35,53760.28,53293.46,242.51M,0.32%
"May 04, 2017",53406.31,53568.46,53673.58,53286.61,297.37M,-0.34%
"May 03, 2017",53586.63,53960.53,54157.53,53481.45,253.40M,-0.61%
"May 02, 2017",53915.64,53871.34,54103.39,53826.98,242.13M,0.18%
"Apr 28, 2017",53817.31,53587.11,53985.99,53587.11,224.97M,0.25%
"Apr 26, 2017",53680.69,53299.86,53680.69,53232.07,218.03M,0.79%
"Apr 25, 2017",53257.44,52851.74,53302.78,52851.74,219.10M,0.63%
"Apr 24, 2017",52921.41,52254.84,52921.41,52254.84,236.61M,1.39%
"Apr 21, 2017",52194.59,52615.03,52644.8,52162.69,187.11M,-0.58%
"Apr 20, 2017",52496.62,52537.15,52560.48,52196.34,224.50M,-0.09%
"Apr 19, 2017",52545.12,52876.23,52944.61,52539.22,243.92M,-0.24%
"Apr 18, 2017",52672.75,53280.96,53298.09,52635.68,248.77M,-1.57%
"Apr 13, 2017",53510.22,53425.62,53544.71,53331.2,240.77M,-0.08%
"Apr 12, 2017",53551.31,53699.66,54002.95,53432.45,282.81M,0.03%
"Apr 11, 2017",53535.16,53143.23,53631.78,53125.57,289.35M,0.74%
"Apr 10, 2017",53139.96,53134.66,53227.76,53024.05,276.70M,0.54%
"Apr 07, 2017",52853.36,52583.99,52853.36,52416.97,232.25M,-0.12%
"Apr 06, 2017",52918.42,52806.86,52918.42,52530.01,312.88M,-0.14%
"Apr 05, 2017",52990.08,52754.32,53062.48,52717.79,341.63M,0.63%
"Apr 04, 2017",52660.74,52662.66,53050.21,52614.51,316.44M,0.39%
"Apr 03, 2017",52457.76,52267.64,52565.7,52215.17,323.40M,0.77%
"Mar 31, 2017",52056.06,52625.83,52625.83,52000.89,531.75M,-0.39%
"Mar 30, 2017",52261.18,52388.5,52480.8,52038.42,206.48M,-0.35%
"Mar 29, 2017",52444.78,52535.31,52551.7,52062.53,281.48M,0.26%
"Mar 28, 2017",52309.23,52244.91,52309.23,52013.56,284.97M,1.13%
"Mar 27, 2017",51724.92,51311.14,51752.75,51278.28,221.01M,-0.18%
"Mar 24, 2017",51816.31,52007.55,52117.42,51759.69,210.43M,-0.41%
"Mar 23, 2017",52027.98,52022.26,52195.33,51865.82,190.12M,-0.13%
"Mar 22, 2017",52096.71,52038.47,52222,51776.16,243.59M,-1.25%
"Mar 20, 2017",52753.56,52686.62,52866.34,52487.05,144.30M,0.39%
"Mar 17, 2017",52550.99,52682.99,52682.99,52442.04,455.70M,-0.38%
"Mar 16, 2017",52748.97,52082.62,52762.26,52082.62,673.84M,2.03%
"Mar 15, 2017",51701.6,51814.83,51863.87,51576.51,263.13M,0.00%
"Mar 14, 2017",51699.46,51778.34,52057.66,51601.34,240.62M,-0.30%
"Mar 13, 2017",51855.38,51471.95,51855.38,51344.1,180.74M,1.14%
"Mar 10, 2017",51269.54,51197.65,51384.17,50992.93,199.60M,0.70%
"Mar 09, 2017",50910.71,50973.34,51111.08,50737.28,269.35M,-0.76%
"Mar 08, 2017",51299.99,51309.24,51474.33,51162.52,253.76M,-0.15%
"Mar 07, 2017",51377.78,51428.09,51615.85,51318.97,233.34M,-0.23%
"Mar 06, 2017",51498.14,51805.75,51805.75,51426.59,192.49M,-0.41%
"Mar 03, 2017",51708.61,51721.98,51832.31,51326.32,232.81M,-0.36%
"Mar 02, 2017",51893.19,51802.36,52009.14,51708.45,263.64M,0.41%
"Mar 01, 2017",51682.19,51273.18,51690.13,51015.41,253.22M,1.05%
"Feb 28, 2017",51146.05,51439.38,51563.16,51146.05,306.24M,-0.68%
"Feb 27, 2017",51497.16,51607.08,51806.13,51354.54,186.22M,-0.22%
"Feb 24, 2017",51609.86,51830.59,52027.13,51531.56,224.37M,-1.10%
"Feb 23, 2017",52183.1,51900.39,52354.36,51640.16,281.20M,0.18%
"Feb 22, 2017",52088.56,52651.22,52744.94,51939.2,278.93M,-0.95%
"Feb 21, 2017",52586.61,52661.88,52700.01,52286.24,251.04M,0.05%
"Feb 20, 2017",52558.61,52317.09,52691.66,52317.09,182.56M,0.64%
"Feb 17, 2017",52223.54,52439.77,52481.65,52212.69,208.91M,-0.69%
"Feb 16, 2017",52586.37,52571.79,52642.1,52264.66,-,0.19%
"Feb 15, 2017",52485.16,52686.88,52686.88,52323.55,249.20M,0.04%
"Feb 14, 2017",52465.64,52821.03,52886.01,52332.66,244.69M,-0.93%
"Feb 13, 2017",52956.71,52811.34,53119.41,52792.09,203.61M,0.51%
"Feb 10, 2017",52687.29,52261.25,52687.29,52214.24,309.55M,1.51%
"Feb 09, 2017",51904.34,51919.6,52225.81,51820.36,227.23M,0.19%
"Feb 08, 2017",51803.48,52149.99,52182.85,51706.02,239.86M,-0.73%
"Feb 07, 2017",52181.91,52181.34,52181.91,51876.6,199.88M,0.06%
"Feb 06, 2017",52151.16,52346.06,52516.75,52113.79,176.88M,-0.22%
"Feb 03, 2017",52265.16,52520.59,52528.49,52186.96,210.58M,-0.86%
"Feb 02, 2017",52719.58,52973.53,53011.1,52646.27,272.68M,-0.72%
"Feb 01, 2017",53104.12,53115.48,53287.26,52960.97,251.86M,0.60%
"Jan 31, 2017",52788.12,52482.51,52960.49,52373.03,216.67M,0.24%
"Jan 30, 2017",52660.94,52997.77,53017.91,52570.58,204.79M,-0.59%
"Jan 27, 2017",52973.83,53444.17,53480.69,52843.29,230.57M,-0.81%
"Jan 26, 2017",53405.74,53433.74,53569.74,53160.04,255.89M,0.29%
"Jan 25, 2017",53250.79,53588.3,53738.29,53243.72,231.17M,-0.17%
"Jan 24, 2017",53342.04,53186.65,53342.04,53046.76,257.43M,0.57%
"Jan 23, 2017",53040.48,52550.44,53040.48,52470.54,188.16M,0.97%
"Jan 20, 2017",52532.26,52802.36,52802.36,52399.33,179.53M,-0.70%
"Jan 19, 2017",52900.77,52905.12,53072.65,52778.35,205.98M,-0.06%
"Jan 18, 2017",52933.28,52969.74,53149.05,52762.03,238.76M,0.22%
"Jan 17, 2017",52817.73,52890.44,53144.64,52732.56,303.64M,-0.64%
"Jan 16, 2017",53158.54,52636.34,53188.77,52570.37,219.76M,0.69%
"Jan 13, 2017",52794.81,52482.89,52838.19,52430.3,205.43M,0.67%
"Jan 12, 2017",52444.36,52408.55,52837.16,52322.88,240.33M,0.01%
"Jan 11, 2017",52437.91,51744.5,52443.97,51662.46,260.38M,1.35%
"Jan 10, 2017",51740.17,51270.18,51787.55,51075.11,179.38M,1.35%
"Jan 09, 2017",51049.71,51299.62,51571.45,50990.91,136.16M,-0.32%
"Jan 06, 2017",51216,50598.24,51280.84,50419.46,141.74M,1.47%
"Jan 05, 2017",50474.95,50874.55,51038.87,50338.3,161.90M,-0.56%
"Jan 04, 2017",50760.24,50930.32,51021.92,50367.97,175.30M,-0.51%
"Jan 03, 2017",51020.66,50851.51,51119.06,50851.51,152.08M,0.72%
"Dec 30, 2016",50653.54,50764.35,50812.52,50456.59,83.81M,-0.06%
"Dec 29, 2016",50682.08,50429.23,50754.06,50322.6,111.51M,0.71%
"Dec 28, 2016",50322.72,49786.78,50465.63,49786.78,114.69M,1.87%
"Dec 23, 2016",49400.56,49814.25,49814.25,49340.38,54.55M,-0.87%
"Dec 22, 2016",49833.77,50203.07,50203.07,49761.97,127.42M,-0.66%
"Dec 21, 2016",50163.92,50359.22,50359.22,50136.15,-,-0.36%
"Dec 20, 2016",50343.24,49877.39,50410.75,49877.39,-,0.93%
"Dec 19, 2016",49880.99,50093.6,50266.1,49880.99,208.21M,0.38%
"Dec 15, 2016",49691.31,50389.04,50530.27,49691.31,-,-2.02%
"Dec 14, 2016",50716.25,50987.29,51072.4,50583.88,255.79M,-0.24%
"Dec 13, 2016",50839.25,50414.17,50849.82,50385.01,270.60M,0.62%
"Dec 12, 2016",50527.86,50837.17,51211.03,50432.01,229.83M,-0.73%
"Dec 09, 2016",50899.92,50312.82,50900.39,50269.6,234.23M,0.71%
"Dec 08, 2016",50543.44,49896.75,50543.44,49830.82,274.40M,2.16%
"Dec 07, 2016",49476.06,49180.09,49548.19,49126.36,234.79M,1.10%
"Dec 06, 2016",48935.9,49769.15,49842.86,48935.9,215.16M,-1.56%
"Dec 05, 2016",49713.56,49260.95,49876.45,49000.55,253.51M,0.93%
"Dec 02, 2016",49256.1,49621.91,49666.83,49054.41,287.60M,-1.34%
"Dec 01, 2016",49927,50329.4,50471.51,49650.28,415.50M,-0.56%
"Nov 30, 2016",50209.43,50242.15,50532.42,50052.11,342.46M,0.10%
"Nov 29, 2016",50157.28,50262.58,50642.07,50154.93,264.28M,-0.07%
"Nov 28, 2016",50193.64,50776.58,50982.26,50193.64,210.61M,-0.99%
"Nov 25, 2016",50696.1,50695.54,50696.1,50297.42,160.26M,0.27%
"Nov 24, 2016",50561.43,50835.66,50865.81,50417.34,197.05M,-0.11%
"Nov 23, 2016",50616.43,51187.86,51374.22,50517.73,246.06M,-0.98%
"Nov 22, 2016",51117.74,51033.89,51242.64,51033.89,274.15M,1.03%
"Nov 21, 2016",50596.52,50510.3,50886.43,50412.74,200.32M,-0.06%
"Nov 18, 2016",50626.06,50580.05,50888.96,50533.3,196.08M,0.02%
"Nov 17, 2016",50617.57,49937.07,50617.57,49903.53,243.45M,1.23%
"Nov 16, 2016",50004.82,49869.19,50220.45,49816.19,262.43M,1.16%
"Nov 15, 2016",49430.21,49782.05,49943.06,49402.14,245.23M,-0.61%
"Nov 14, 2016",49731.89,50067.75,50900.18,49731.89,285.69M,-1.12%
"Nov 11, 2016",50294.72,50948.31,51038.98,50294.72,349.56M,-2.33%
"Nov 10, 2016",51493,51354.27,51858.93,51354.27,318.97M,1.01%
"Nov 09, 2016",50977.85,49557.41,51017.77,49451.19,228.82M,0.55%
"Nov 08, 2016",50700.7,50369.94,50923.61,50369.94,244.09M,0.79%
"Nov 07, 2016",50303.77,50146.76,50339.42,49970.67,186.44M,1.24%
"Nov 04, 2016",49686.1,49996.23,49996.23,49610.9,254.65M,-1.10%
"Nov 03, 2016",50239.27,50300.11,50314.42,50003.69,311.59M,-0.29%
"Nov 02, 2016",50384.87,50566.51,50641.68,50211.69,256.48M,-1.21%
"Nov 01, 2016",51002.69,50704.69,51037.84,50704.69,222.96M,0.82%
"Oct 31, 2016",50590.08,50806.62,50845.47,50532.6,271.44M,-0.41%
"Oct 28, 2016",50797.7,51008.38,51008.38,50586.58,207.67M,-0.67%
"Oct 27, 2016",51139.66,51443.21,51443.21,51065.17,205.46M,-0.80%
"Oct 26, 2016",51552.32,51421.56,51552.32,51245.12,169.19M,-0.38%
"Oct 25, 2016",51749.86,51891.01,51955.41,51577.62,202.88M,0.13%
"Oct 24, 2016",51683.39,51840.7,52095.05,51637.62,200.71M,0.10%
"Oct 21, 2016",51629.23,51644.31,51881.62,51605.16,226.26M,0.41%
"Oct 20, 2016",51420.66,51749.5,51755.5,51335.1,162.00M,-0.16%
"Oct 19, 2016",51504.87,51109.28,51540.5,51109.28,220.41M,0.74%
"Oct 18, 2016",51126.79,51012.65,51363.09,51012.65,237.80M,0.70%
"Oct 17, 2016",50769.01,51056.71,51217.99,50732.34,177.89M,-0.74%
"Oct 14, 2016",51146.78,50911.53,51326.32,50750.78,251.08M,1.29%
"Oct 13, 2016",50494.51,51185.36,51186.64,50460.75,339.37M,-2.04%
"Oct 12, 2016",51548.13,51800.49,52084.86,51445.89,259.02M,-0.68%
"Oct 11, 2016",51898.82,51676.44,52160.26,51676.44,399.30M,0.43%
"Oct 10, 2016",51675.51,51560.18,51812.79,51432.17,214.75M,0.03%
"Oct 07, 2016",51662.07,51677.23,51951.65,51359.15,239.27M,0.10%
"Oct 06, 2016",51610.78,51928.4,52142.6,51610.78,271.24M,-0.50%
"Oct 05, 2016",51868.53,51776.17,51938.66,51647.56,217.32M,-0.33%
"Oct 04, 2016",52040.85,51723.4,52224.23,51677.91,248.35M,0.74%
"Oct 03, 2016",51658.99,52037.93,52127.45,51658.99,193.10M,-0.56%
"Sep 30, 2016",51949.83,52088.75,52379.5,51949.83,327.51M,-1.42%
"Sep 29, 2016",52698.58,52380.56,52808.91,52380.56,455.68M,1.79%
"Sep 28, 2016",51773.5,50982.1,51920.47,50982.1,248.06M,1.72%
"Sep 27, 2016",50899.66,51554.33,51594.1,50899.66,-,-1.13%
"Sep 26, 2016",51479.8,51677.3,51677.3,51108.97,256.93M,-1.00%
"Sep 23, 2016",51999.45,51722.01,52036.14,51609.97,256.93M,0.20%
"Sep 22, 2016",51895.18,51132.91,51895.18,50968.04,282.85M,2.24%
"Sep 21, 2016",50757.82,51365.17,51365.17,50757.82,246.58M,-1.13%
"Sep 20, 2016",51335.75,51792.37,51806.45,51324.66,258.57M,-1.23%
"Sep 19, 2016",51975.89,51851.56,52083.6,51776.05,219.44M,0.28%
"Sep 16, 2016",51832.55,52307.67,52317.81,51832.55,452.82M,-0.65%
"Sep 15, 2016",52174.26,52607.75,52651.47,52026.47,555.71M,-0.62%
"Sep 14, 2016",52501.97,52462.48,52695.89,52330.76,223.64M,-0.58%
"Sep 13, 2016",52805.96,52975.71,53053,52679.35,251.46M,0.01%
"Sep 12, 2016",52802,52430.65,52830.66,52241.55,241.77M,-1.02%
"Sep 09, 2016",53347.3,53528.03,53581.63,53281.19,277.10M,0.18%
"Sep 08, 2016",53250.25,53373.04,53394.17,53052.75,341.68M,-0.39%
"Sep 07, 2016",53456.43,53504.63,53593.29,53311.9,239.53M,-0.42%
"Sep 06, 2016",53680.43,53731.12,53731.12,53464.5,269.38M,0.11%
"Sep 05, 2016",53622,53787.24,53986.89,53463.49,217.65M,0.23%
"Sep 02, 2016",53500.07,52772.79,53500.07,52772.79,240.00M,1.65%
"Sep 01, 2016",52631.33,52882.05,52913.01,52570.32,366.43M,-0.19%
"Aug 31, 2016",52733.12,53123.52,53275.28,52682.65,-,-1.34%
"Aug 30, 2016",53448.69,53726.87,53838.01,53435.4,227.76M,-0.22%
"Aug 29, 2016",53563.93,53403.98,53619.72,53238.89,169.14M,0.11%
"Aug 26, 2016",53506.62,53507.74,53610.61,53200.59,224.09M,0.04%
"Aug 25, 2016",53482.88,53485.8,53617.65,53194.47,260.02M,-0.15%
"Aug 24, 2016",53562.8,53368.5,53688.85,53228.57,372.05M,1.14%
"Aug 23, 2016",52957.8,52857.75,53024.78,52688.51,211.36M,0.24%
"Aug 22, 2016",52828.93,52854.58,52993.62,52667.48,157.46M,0.11%
"Aug 19, 2016",52771.95,53091.86,53330.35,52706.56,210.80M,-0.41%
"Aug 18, 2016",52989.66,52393.66,53010.7,52393.66,192.15M,1.30%
"Aug 17, 2016",52309.7,52742.1,52742.1,52088.7,249.33M,-0.17%
"Aug 16, 2016",52396.4,52427.16,52908.5,52287.47,272.10M,-0.00%
"Aug 15, 2016",52397.97,52967.74,52979.67,52397.97,201.61M,-0.77%
"Aug 12, 2016",52806.5,52660.05,53071.88,52660.05,230.10M,0.93%
"Aug 11, 2016",52321.78,52209.66,52324.15,51875.17,224.69M,0.20%
"Aug 10, 2016",52218.61,52193.86,52503.06,52140.1,334.90M,-0.51%
"Aug 08, 2016",52486.65,52414.84,52602.01,52299.38,152.29M,0.26%
"Aug 05, 2016",52348.36,52638.93,52776.59,52310.28,221.17M,-0.37%
"Aug 04, 2016",52543.37,52558.72,52842.42,52404.49,256.34M,0.02%
"Aug 02, 2016",52532.76,52890.66,52911.98,52460.59,-,-1.12%
"Aug 01, 2016",53126.8,53296.85,53371.99,53035.25,-,0.62%
"Jul 29, 2016",52797.58,53343.95,53343.95,52795.82,-,-0.91%
"Jul 28, 2016",53282.16,53624.61,53939.33,53256,-,-0.90%
"Jul 27, 2016",53764.26,53802.63,53884.74,53483.68,-,0.24%
"Jul 26, 2016",53638.04,53491.17,53745.29,53271.56,-,0.65%
"Jul 25, 2016",53292.52,53073.89,53666.97,53073.89,-,0.54%
"Jul 22, 2016",53005.22,52661.17,53006.4,52610.41,-,0.06%
"Jul 21, 2016",52974.03,53018.23,53070.82,52752.23,-,0.26%
"Jul 20, 2016",52837.86,52761.24,52939.71,52467.2,240.48M,-0.10%
"Jul 19, 2016",52892.92,52733.39,52902.94,52444.82,226.27M,-0.29%
"Jul 18, 2016",53046.31,52900.07,53046.31,52701.55,151.12M,-0.08%
"Jul 15, 2016",53088.46,52710.36,53147.86,52604.31,197.04M,0.48%
"Jul 14, 2016",52837.03,52835.97,53001.11,52564.48,246.50M,0.04%
"Jul 13, 2016",52814.88,52712.03,52914.4,52620.27,219.49M,0.51%
"Jul 12, 2016",52547.52,52069.89,52623.21,52069.89,272.78M,0.72%
"Jul 11, 2016",52170.37,51834.07,52170.37,51582.92,186.45M,1.74%
"Jul 08, 2016",51276.4,50935.68,51397.1,50806.51,165.89M,0.35%
"Jul 07, 2016",51097.48,51206.56,51526.21,51097.48,211.24M,0.56%
"Jul 06, 2016",50811.66,51401.57,51557.63,50786.74,300.62M,-1.66%
"Jul 05, 2016",51670.16,52324.39,52360.14,51670.16,244.39M,-1.49%
"Jul 04, 2016",52454.24,52721.73,52817.69,52355.11,181.78M,0.18%
"Jul 01, 2016",52357.5,52674.68,52708.65,51820.55,238.47M,0.27%
"Jun 30, 2016",52217.72,52047.49,52684.99,51969.81,277.66M,0.63%
"Jun 29, 2016",51890.42,51345.72,52018.96,51243.87,257.79M,1.47%
"Jun 28, 2016",51141.14,50589.81,51490.79,50589.81,296.88M,2.11%
"Jun 27, 2016",50086.68,51523.26,51523.26,50017.98,327.40M,-3.08%
"Jun 24, 2016",51679.66,51709.73,51960.83,50747.56,360.72M,-3.56%
"Jun 23, 2016",53585.53,53473.88,53927.3,53201.31,216.85M,0.05%
"Jun 22, 2016",53557.2,53130.65,53690.95,53121,231.36M,1.14%
"Jun 21, 2016",52955.18,52799.83,53002.75,52588.93,218.23M,-0.15%
"Jun 20, 2016",53032.14,52794.98,53036.97,52648.94,232.03M,1.71%
"Jun 17, 2016",52140.61,51754.83,52150.05,51667.25,298.24M,0.22%
"Jun 15, 2016",52026.71,51798.52,52026.71,51530.99,491.99M,1.23%
"Jun 14, 2016",51394.31,52221.09,52221.09,51394.31,278.90M,-2.13%
"Jun 13, 2016",52511.52,52689.75,52873.46,52510.34,254.44M,-1.25%
"Jun 10, 2016",53175.15,53390.19,53390.19,53004.39,276.61M,-0.33%
"Jun 09, 2016",53353.87,53909.42,53942.55,53297.08,220.57M,-1.12%
"Jun 08, 2016",53960.18,54140.96,54295.51,53854.91,220.09M,-0.64%
"Jun 07, 2016",54305.73,54209.11,54422.24,53963.48,226.34M,0.58%
"Jun 06, 2016",53990.76,53955.02,54177.73,53654.31,232.68M,-0.50%
"Jun 03, 2016",54259.36,53857.24,54259.36,53810.05,255.04M,1.01%
"Jun 02, 2016",53716.91,53613.48,54023.81,53563.48,215.02M,0.37%
"Jun 01, 2016",53518.36,53556,53815.7,53478.98,268.61M,-0.72%
"May 31, 2016",53905.21,54666.61,54704.22,53905.21,546.82M,-1.04%
"May 30, 2016",54474.09,54049.66,54501.32,54030.3,120.06M,0.68%
"May 27, 2016",54105.37,54213.8,54266.17,53919.41,193.36M,0.34%
"May 26, 2016",53921,53782.46,54393.13,53782.46,247.11M,0.37%
"May 25, 2016",53721.88,53283.29,53828.62,53278.82,254.99M,1.27%
"May 24, 2016",53050.76,52563.84,53169.72,52431.86,261.36M,0.80%
"May 23, 2016",52628.62,52580.89,52628.62,52219.55,-,-0.02%
"May 20, 2016",52638.25,52470.92,53057.01,52470.92,261.97M,0.51%
"May 19, 2016",52370.1,52322.09,52617.86,52094.91,191.05M,-0.81%
"May 18, 2016",52797.23,52350.69,52899.14,52267.87,259.02M,0.51%
"May 17, 2016",52528.84,52775.84,53001.81,52223.85,244.78M,0.22%
"May 16, 2016",52412.68,52005.37,52496.14,51933.02,200.32M,1.57%
"May 13, 2016",51602.55,51331.77,51602.55,50923.42,230.77M,0.28%
"May 12, 2016",51458.48,51893.29,51944.62,51458.48,199.96M,-1.29%
"May 11, 2016",52130.34,52139.46,52425.91,51962.12,182.37M,0.49%
"May 10, 2016",51875.26,51641.61,51891.22,51522.46,214.46M,1.03%
"May 09, 2016",51348.72,51465.16,52048.84,51348.72,225.29M,-0.13%
"May 06, 2016",51417.38,51825.71,51825.71,51306.96,256.35M,-0.99%
"May 05, 2016",51933.8,51672.58,52258.53,51417.89,396.35M,0.12%
"May 04, 2016",51873.5,51708.98,52098.08,51478.23,275.17M,-0.07%
"May 03, 2016",51912.11,53203.53,53203.53,51892.13,266.81M,-1.97%
"Apr 29, 2016",52957.32,53094.83,53133.79,52795.41,241.32M,-0.50%
"Apr 28, 2016",53223.98,53348.5,53591.31,53159.56,241.18M,0.30%
"Apr 26, 2016",53062.95,52883.25,53168.24,52768.89,192.86M,0.15%
"Apr 25, 2016",52985.31,52955.53,53031.91,52401.06,153.51M,0.11%
"Apr 22, 2016",52925.75,53275.6,53275.6,52820.66,202.04M,-0.75%
"Apr 21, 2016",53323.58,53780.1,54039.17,53191.38,249.96M,-0.87%
"Apr 20, 2016",53789.75,53173.78,53789.75,52975.56,260.72M,0.77%
"Apr 19, 2016",53380.94,53365.53,53434.02,53107.7,212.07M,0.40%
"Apr 18, 2016",53166.59,52687.85,53166.59,52516,187.84M,0.24%
"Apr 15, 2016",53038.91,52906.7,53042.16,52537.23,169.04M,0.36%
"Apr 14, 2016",52848,52908.74,53064.99,52667.74,238.63M,-0.17%
"Apr 13, 2016",52938.24,52578.3,53528.02,52578.3,306.00M,1.69%
"Apr 12, 2016",52059.76,51472.47,52059.76,51341.23,288.25M,1.23%
"Apr 11, 2016",51428.08,51412.73,51639.25,51091.44,198.43M,0.01%
"Apr 08, 2016",51424.48,51230.48,51551.57,51031,223.81M,0.54%
"Apr 07, 2016",51146.82,51540.29,51540.29,51029.36,268.78M,-0.07%
"Apr 06, 2016",51184.32,51562.97,51566.67,51098.74,263.03M,-0.08%
"Apr 05, 2016",51226.09,51576.04,51576.04,50996.33,199.19M,-1.29%
"Apr 04, 2016",51895.14,51471.05,51963.76,51334.32,181.87M,0.60%
"Apr 01, 2016",51584.13,51772.56,51817.32,51290.5,229.13M,-1.27%
"Mar 31, 2016",52250.28,52295.36,52436.39,51800.57,286.61M,-0.47%
"Mar 30, 2016",52495.46,52057.21,52659.64,52039.33,259.84M,1.37%
"Mar 29, 2016",51787.2,52382.36,52562.82,51724.61,209.38M,-1.03%
"Mar 24, 2016",52323.78,52451.32,52451.32,51718.43,214.00M,-0.47%
"Mar 23, 2016",52569.55,53108.92,53165.39,52446.86,239.24M,-1.54%
"Mar 22, 2016",53392.86,53618.46,53618.46,52953.63,257.08M,-0.80%
"Mar 18, 2016",53824.28,53082.97,53826.58,53082.97,405.42M,1.19%
"Mar 17, 2016",53190.56,52920.55,53606.92,52795.98,574.61M,0.96%
"Mar 16, 2016",52685.7,52238.59,52708.17,52210.21,213.58M,0.83%
"Mar 15, 2016",52253.79,52107.31,52253.79,51780.49,-,-0.42%
"Mar 14, 2016",52471.72,51999.99,52498,51951.74,249.34M,1.41%
"Mar 11, 2016",51739.83,51865.94,51909.05,51304.57,266.34M,0.40%
"Mar 10, 2016",51533.78,51646.77,51684.25,51251.35,282.69M,0.10%
"Mar 09, 2016",51484.46,52070.38,52319.09,51445.94,272.12M,-1.46%
"Mar 08, 2016",52247.84,52523.42,52776.2,52220.26,297.01M,-0.81%
"Mar 07, 2016",52673.79,52239.42,52679.07,51927.71,287.39M,0.91%
"Mar 04, 2016",52200.71,51798.79,52225.23,51751.65,261.05M,0.80%
"Mar 03, 2016",51787.01,51055.06,51839.89,51027.7,315.28M,1.61%
"Mar 02, 2016",50966.93,50737.75,50966.93,50558.64,387.21M,1.30%
"Mar 01, 2016",50315.09,49463.87,50408.58,49462.03,274.27M,1.82%
"Feb 29, 2016",49415.31,49185.36,49648.86,48947.44,-,-0.03%
"Feb 26, 2016",49429.4,48805.1,49463.65,48805.1,223.63M,2.18%
"Feb 25, 2016",48373.17,48250.09,48575.26,48073.11,252.07M,0.79%
"Feb 24, 2016",47995.82,48051.4,48112.87,47388.15,354.83M,-0.88%
"Feb 23, 2016",48421.99,49113.13,49168.58,48298.79,276.76M,-1.41%
"Feb 22, 2016",49112.8,49149.66,49371.65,48940.76,218.67M,0.35%
"Feb 19, 2016",48940.43,49898.46,49898.46,48659.8,278.17M,-1.84%
"Feb 18, 2016",49857.7,50199.23,50434.36,49786.83,337.93M,-0.36%
"Feb 17, 2016",50039.31,49420.91,50166.13,49306.65,287.34M,1.32%
"Feb 16, 2016",49387.1,49844.08,50226.37,49377.24,216.31M,-0.93%
"Feb 15, 2016",49851.95,49074.31,49851.95,49074.31,250.06M,2.60%
"Feb 12, 2016",48589.69,47856.85,48838.02,47708.8,244.47M,2.48%
"Feb 11, 2016",47411.57,48071.45,48108.68,47275.3,289.82M,-1.78%
"Feb 10, 2016",48273.24,48324.33,48796.71,48063.35,257.21M,-0.15%
"Feb 09, 2016",48344.75,49116.75,49171.95,48231.82,283.46M,-2.19%
"Feb 08, 2016",49429.59,49626.18,49882.27,49170.12,227.73M,-0.65%
"Feb 05, 2016",49753.29,49631.92,49880.14,49231.25,237.37M,0.25%
"Feb 04, 2016",49627.53,49160.69,49744.81,49106.02,339.33M,2.25%
"Feb 03, 2016",48535.48,47753.66,48789.46,47725.76,254.24M,1.05%
"Feb 02, 2016",48029.24,48788.94,48953.65,47998.97,256.45M,-2.09%
"Feb 01, 2016",49055.54,49339.28,49508.16,48643.61,290.23M,-0.18%
"Jan 29, 2016",49141.94,48866.22,49320.31,48645.63,408.49M,0.90%
"Jan 28, 2016",48702.61,47894.47,49028.78,47894.47,303.23M,1.62%
"Jan 27, 2016",47923.92,47609.87,48029.82,47593.56,269.18M,0.82%
"Jan 26, 2016",47532.4,46806.77,47654.36,46582.05,292.63M,0.68%
"Jan 25, 2016",47210.42,47794.33,47960.9,47156.67,251.25M,-0.95%
"Jan 22, 2016",47661.87,46858.65,47674.08,46858.65,293.30M,2.98%
"Jan 21, 2016",46282.02,46377.39,46430.88,45975.78,280.98M,-0.10%
"Jan 20, 2016",46329.78,46741.53,46841.75,46093.27,285.03M,-2.73%
"Jan 19, 2016",47627.76,47377.05,47959.55,47377.05,248.79M,1.60%
"Jan 18, 2016",46876.62,47201.47,47567.86,46855.35,225.84M,-0.18%
"Jan 15, 2016",46960.37,47813.12,47872.83,46901.92,305.11M,-1.55%
"Jan 14, 2016",47697.53,47952.05,48142.4,47697.53,264.54M,-1.48%
"Jan 13, 2016",48412.8,48632.65,48787.87,48215.39,263.43M,0.03%
"Jan 12, 2016",48396.18,47998.1,48764.57,47883.86,306.36M,0.15%
"Jan 11, 2016",48322.68,47815.05,48596.3,47499.57,273.82M,0.45%
"Jan 08, 2016",48104.68,48410.85,48509.68,47923.76,205.34M,0.11%
"Jan 07, 2016",48052.78,48491.33,48491.33,47637.5,321.50M,-2.10%
"Jan 06, 2016",49082.29,49314.06,49330.14,48909.23,191.34M,-1.04%
"Jan 05, 2016",49599.72,49560.43,49793.19,49027.6,144.35M,0.57%
"Jan 04, 2016",49316.61,50275.72,50275.72,49265.41,149.20M,-2.72%
"Dec 31, 2015",50693.76,50887.39,51006.38,50603.23,54.36M,-0.22%
"Dec 30, 2015",50805.13,51018.85,51149.82,50777.29,89.15M,-0.31%
"Dec 29, 2015",50964.44,51249.63,51312.73,50789.47,102.62M,-0.44%
"Dec 28, 2015",51188.72,51221.2,51618.61,50655.41,72.15M,-0.26%
"Dec 24, 2015",51324.01,50589.75,51407.42,50589.75,54.48M,0.95%
"Dec 23, 2015",50839.81,49989.22,51004.45,49952.57,148.38M,2.13%
"Dec 22, 2015",49780.33,49146.22,49804.48,49140.77,153.82M,1.20%
"Dec 21, 2015",49189.99,48742.78,49311.06,48646.81,161.16M,0.97%
"Dec 18, 2015",48717.28,49453.22,49453.22,48703.72,375.34M,-1.99%
"Dec 17, 2015",49706.29,48965.48,49807.77,48965.48,661.82M,2.64%
"Dec 15, 2015",48428.77,48177.8,48559.68,47912.57,327.83M,0.72%
"Dec 14, 2015",48081.71,47518.39,49099.07,47493.13,407.64M,0.03%
"Dec 11, 2015",48067.53,49081.74,49196.27,47802.55,654.77M,-1.87%
"Dec 10, 2015",48984.53,49804.03,49804.03,48959.98,661.75M,-1.09%
"Dec 09, 2015",49523.56,49133.61,49545.73,49018.64,319.32M,0.90%
"Dec 08, 2015",49083.8,49344.74,49474.28,49010.47,291.04M,-1.56%
"Dec 07, 2015",49860.74,49505.51,50239.83,49505.51,255.82M,1.17%
"Dec 04, 2015",49284.49,49982.25,50014.62,49112.53,414.90M,-2.26%
"Dec 03, 2015",50424.89,51041.37,51041.37,50424.89,-,-1.44%
"Dec 02, 2015",51159.11,51689.53,51712.78,51070.89,-,-0.73%
"Dec 01, 2015",51535.82,51948.16,51973.74,51487.77,-,-0.14%
"Nov 30, 2015",51607.83,51620.97,51878.19,51523.11,-,-0.06%
"Nov 27, 2015",51637.28,52159.64,52159.64,51628.45,308.97M,-1.13%
"Nov 26, 2015",52229.92,51932.15,52386.11,51867.89,214.47M,0.61%
"Nov 25, 2015",51914.55,51895.53,52060.57,51629.53,235.10M,0.19%
"Nov 24, 2015",51817.84,52091.86,52193.64,51594.88,265.60M,-0.72%
"Nov 23, 2015",52195.98,52043.38,52232.7,51635.54,225.90M,-0.09%
"Nov 20, 2015",52240.58,52075.18,52515.24,51989.28,346.77M,0.24%
"Nov 19, 2015",52116.26,51861.22,52335.81,51861.22,240.17M,0.89%
"Nov 18, 2015",51654.54,51901.37,51979.15,51415.94,270.27M,-0.63%
"Nov 17, 2015",51981.65,51863.49,52259.83,51719.95,292.11M,0.84%
"Nov 16, 2015",51547.38,51054.24,51723.5,50989.15,-,0.68%
"Nov 13, 2015",51199.34,51728.91,51836.91,51185.6,298.38M,-1.65%
"Nov 12, 2015",52056.67,52772.98,52772.98,51967.7,240.60M,-1.02%
"Nov 11, 2015",52594.1,52658.72,52810.48,52382.2,239.06M,0.05%
"Nov 10, 2015",52565.5,53289.6,53289.6,52392.82,249.42M,-1.51%
"Nov 09, 2015",53371.23,53095.13,53371.23,53021.6,191.01M,0.77%
"Nov 06, 2015",52964.07,53898.81,53898.81,52755.53,204.92M,-2.05%
"Nov 05, 2015",54073.01,54402.74,54590.77,53872.43,271.82M,-0.98%
"Nov 04, 2015",54609.01,54246.73,54760.91,54246.73,322.34M,0.99%
"Nov 03, 2015",54076.07,54045.86,54095.43,53724.19,197.06M,0.40%
"Nov 02, 2015",53860.26,53599.63,53860.26,53451.11,183.49M,0.12%
"Oct 30, 2015",53793.74,53627.09,53863.28,53396.23,194.65M,0.73%
"Oct 29, 2015",53406.32,53616.69,53616.69,53137.62,198.01M,-0.65%
"Oct 28, 2015",53755.73,53627.27,53775.08,53463.86,186.60M,-0.03%
"Oct 27, 2015",53770.29,54034.56,54060.05,53624.77,199.82M,-0.70%
"Oct 26, 2015",54150.7,54072.58,54635.56,54010.44,194.15M,-0.27%
"Oct 23, 2015",54298.41,53516.03,54315.85,53477.75,202.82M,1.88%
"Oct 22, 2015",53293.97,52907.22,53534.49,52907.22,226.96M,0.56%
"Oct 21, 2015",52997.97,53011.13,53413.53,52735,206.79M,0.22%
"Oct 20, 2015",52880.16,52921,52921,52525.93,219.91M,-0.57%
"Oct 19, 2015",53184.07,52881.2,53184.07,52700.96,211.23M,0.45%
"Oct 16, 2015",52945.11,53184.2,53247.49,52945.11,258.25M,-0.04%
"Oct 15, 2015",52966.42,53211.59,53312.28,52901.27,191.54M,-0.17%
"Oct 14, 2015",53059.06,52970.01,53356.06,52731.69,175.33M,-0.01%
"Oct 13, 2015",53063.06,52736.25,53293.37,52662.97,205.19M,0.58%
"Oct 12, 2015",52757.6,53459.79,53561.54,52667.8,231.71M,-1.01%
"Oct 09, 2015",53295.64,53124.62,53626.62,52945.53,242.49M,1.08%
"Oct 08, 2015",52726.6,52467.8,52726.6,52416.03,199.20M,0.31%
"Oct 07, 2015",52565.42,52591.07,52733.43,52325.69,280.34M,0.95%
"Oct 06, 2015",52070.15,52013.95,52324.8,51814.24,266.83M,-0.00%
"Oct 05, 2015",52071.31,51596.9,52071.31,51388.38,195.90M,2.19%
"Oct 02, 2015",50955.89,50933.87,51217.03,50698,183.88M,0.87%
"Oct 01, 2015",50516.58,50522.4,50841.7,50418.03,250.86M,0.85%
"Sep 30, 2015",50088.86,49933.38,50155.09,49669.36,307.44M,1.43%
"Sep 29, 2015",49383.93,49227.41,49682.73,49066.78,209.89M,-0.22%
"Sep 28, 2015",49490.81,50419.98,50536.24,49402.79,171.49M,-1.67%
"Sep 25, 2015",50331.12,50470.01,50638.23,50263.47,182.55M,-0.10%
"Sep 23, 2015",50381.63,49714.09,50458.77,49714.09,204.26M,1.06%
"Sep 22, 2015",49853.09,50584.88,50584.88,49758.54,220.63M,-1.74%
"Sep 21, 2015",50737.14,50849.7,50928.66,50584.41,181.76M,-0.60%
"Sep 18, 2015",51044.58,51325.5,51331.84,50582.1,417.22M,-1.03%
"Sep 17, 2015",51573.57,51301.7,52019.11,51292.98,378.30M,1.07%
"Sep 16, 2015",51029.24,49946.72,51145.24,49934.52,258.25M,3.11%
"Sep 15, 2015",49491.68,49236.24,49491.68,48849.55,217.50M,0.25%
"Sep 14, 2015",49366.6,49187.79,49513.36,48982.55,222.82M,0.89%
"Sep 11, 2015",48930.64,49507.51,49507.51,48864.41,248.69M,-1.21%
"Sep 10, 2015",49528.13,49449.55,49647.62,49112.02,240.04M,1.02%
"Aug 21, 2015",49028.36,49074.67,49419.04,49000.14,265.56M,-1.47%
"Aug 20, 2015",49761.67,49808.91,49901.53,49376.7,279.72M,-0.76%
"Aug 19, 2015",50140.9,50806.65,50858.65,50056.25,227.62M,-1.64%
"Aug 18, 2015",50977.03,50795.2,50977.03,50405.22,222.87M,0.45%
"Aug 17, 2015",50751.1,51016.38,51159.91,50569.83,179.98M,-0.14%
"Aug 14, 2015",50821.18,51375.37,51531.15,50746.3,148.22M,-1.08%
"Aug 13, 2015",51375.44,51295.02,51557.93,51119.39,172.85M,1.59%
"Aug 12, 2015",50570.6,51695.84,51695.84,50570.6,223.51M,-3.16%
"Aug 11, 2015",52221.17,52496.84,52785.38,52197.77,208.10M,0.40%
"Aug 07, 2015",52014.96,52404.94,52603.01,52014.96,163.15M,-0.86%
"Aug 06, 2015",52464.59,52639.1,52691.67,52243.25,213.19M,-0.59%
"Aug 05, 2015",52774.21,52539.17,52930.56,52539.17,194.69M,0.64%
"Aug 04, 2015",52437.84,51604.58,52470.54,51516.61,203.46M,1.57%
"Aug 03, 2015",51629.67,51836.17,51949.63,51506.02,175.38M,-0.81%
"Jul 31, 2015",52053.27,51979.23,52110.7,51644.97,307.16M,0.54%
"Jul 30, 2015",51774.41,51658.96,51987.68,51599.48,279.30M,0.34%
"Jul 29, 2015",51598.54,51179,51624.73,50934.15,231.42M,1.66%
"Jul 28, 2015",50758.42,51366.74,51491.85,50657.38,226.02M,-1.06%
"Jul 27, 2015",51301.55,51339.29,51595.93,51046.25,195.45M,-0.11%
"Jul 24, 2015",51356.08,52041.07,52064.36,51356.08,275.24M,-1.69%
"Jul 23, 2015",52237.02,52153.04,52485.96,51991.91,192.31M,0.50%
"Jul 22, 2015",51977.56,52563.99,52563.99,51770.42,239.26M,-1.75%
"Jul 21, 2015",52901.42,53031.7,53231.02,52802.75,186.84M,-0.16%
"Jul 20, 2015",52988.32,52799.58,53060.86,52708.48,171.72M,0.50%
"Jul 17, 2015",52723.72,53068.53,53068.53,52723.72,173.10M,-0.24%
"Jul 16, 2015",52849.12,52665.06,52859.81,52476.9,241.53M,0.61%
"Jul 15, 2015",52531.13,52268.22,52595.78,52268.22,253.19M,0.81%
"Jul 14, 2015",52109.52,52579.9,52579.9,52041.03,161.29M,-0.70%
"Jul 13, 2015",52474.82,52187.69,52484.04,52004.36,210.22M,1.30%
"Jul 10, 2015",51800.7,51972.84,52002.33,51649.85,264.79M,0.68%
"Jul 09, 2015",51452.36,50662.62,51452.36,50662.62,228.20M,2.42%
"Jul 08, 2015",50235.76,49594,50235.76,49592.4,226.73M,0.48%
"Jul 07, 2015",49997.79,51269.04,51297.96,49978.11,232.37M,-2.69%
"Jul 06, 2015",51381.22,51031,51544.26,51031,139.76M,-1.13%
"Jul 03, 2015",51967.08,52145.35,52222.98,51854.67,100.41M,-0.48%
"Jul 02, 2015",52215.47,51965.51,52343.79,51844.52,188.74M,0.63%
"Jul 01, 2015",51888.04,51877.16,52142.1,51703.02,177.89M,0.16%
"Jun 30, 2015",51806.95,51891.99,52043.23,51566.03,216.34M,-0.37%
"Jun 29, 2015",51999.92,51663.71,52113.68,51543.1,154.72M,-1.27%
"Jun 26, 2015",52669.75,52679.34,52790.65,52418.58,151.90M,-0.35%
"Jun 25, 2015",52856.39,52526.62,53083.66,52476.77,262.74M,0.14%
"Jun 24, 2015",52783.85,52697.03,52966.77,52623.58,200.39M,0.36%
"Jun 23, 2015",52592,52346.82,52638.09,52311.02,227.47M,0.77%
"Jun 22, 2015",52189.32,51996.1,52281.16,51938.59,191.39M,0.74%
"Jun 19, 2015",51806.71,51990.4,52170.6,51737.42,322.62M,-0.18%
"Jun 18, 2015",51900.53,51597.76,51906.96,51292.47,509.79M,0.59%
"Jun 17, 2015",51595.66,51604.06,51845.33,51465.77,264.38M,0.58%
"Jun 15, 2015",51297.88,51620.35,51892.18,51270.93,149.07M,-1.02%
"Jun 12, 2015",51828.76,51865.84,52238.7,51828.76,169.97M,-0.10%
"Jun 11, 2015",51881.45,51938.43,52281.71,51881.45,230.68M,-0.15%
"Jun 10, 2015",51958.27,51182.44,51958.27,51141.12,193.94M,1.72%
"Jun 09, 2015",51080.26,51484.78,51546.7,51018.56,196.46M,-1.05%
"Jun 08, 2015",51623.3,51543.94,51747.38,51365.17,170.63M,-0.14%
"Jun 05, 2015",51694.25,51148.44,51756.56,51126.28,177.84M,0.72%
"Jun 04, 2015",51323.68,51518.24,51609.63,51323.68,202.80M,-1.02%
"Jun 03, 2015",51850.67,52042.21,52069.75,51558.51,224.56M,-0.64%
"Jun 02, 2015",52185.61,51935.03,52185.61,51334.39,233.37M,0.21%
"Jun 01, 2015",52073.88,52335.25,52547.3,51990.18,198.95M,-0.38%
"May 29, 2015",52270.86,52829.6,52836.84,52270.86,405.96M,-1.02%
"May 28, 2015",52810.36,52638.1,53127.38,52484.59,263.30M,-0.23%
"May 27, 2015",52933.34,52861.51,52933.34,52413.65,252.83M,-0.06%
"May 26, 2015",52963.39,54100.2,54172.79,52963.39,211.81M,-1.89%
"May 25, 2015",53985.66,54148.62,54216.68,53896.32,88.26M,-0.13%
"May 22, 2015",54055.38,54136.12,54294.48,54031.54,172.10M,-0.13%
"May 21, 2015",54123.89,54106.73,54260.98,53918.66,188.13M,-0.13%
"May 20, 2015",54192.07,54199.4,54334.38,53970.06,188.83M,-0.25%
"May 19, 2015",54327.13,54549.87,54549.87,54169.14,223.56M,-0.15%
"May 18, 2015",54409.43,54256.09,54409.43,54059.43,217.60M,0.71%
"May 15, 2015",54028.17,54238.3,54383.21,54028.17,188.81M,0.29%
"May 14, 2015",53874.59,54109.31,54109.31,53874.59,198.45M,-0.33%
"May 13, 2015",54053.92,54136.05,54271.08,54053.92,249.10M,0.22%
"May 12, 2015",53934.41,54164.52,54231.43,53795.65,186.59M,-0.42%
"May 11, 2015",54161.05,54151.32,54235.23,53977.66,161.51M,0.69%
"May 08, 2015",53790.57,53907.52,53935.77,53657.11,174.39M,1.04%
"May 07, 2015",53238.17,53651.44,53651.44,53001.44,248.96M,-1.13%
"May 06, 2015",53848.74,54224.45,54380.82,53740.6,241.98M,-1.33%
"May 05, 2015",54574.99,54528.34,54789.53,54499.79,183.85M,-0.12%
"May 04, 2015",54639.86,54899.7,55113.76,54455.32,169.37M,0.37%
"Apr 30, 2015",54440.43,54500.26,54816.67,54314.52,211.48M,-0.19%
"Apr 29, 2015",54541.74,55071.9,55156.46,54425.92,247.39M,-0.90%
"Apr 28, 2015",55039.29,55252.01,55252.01,54855.35,965.48M,-0.27%
"Apr 24, 2015",55188.34,54962.46,55355.12,54928.03,207.54M,0.92%
"Apr 23, 2015",54686.54,54467.94,54686.54,54327.05,174.73M,0.75%
"Apr 22, 2015",54281.56,54143.85,54362.44,53914.95,170.13M,0.26%
"Apr 21, 2015",54140.93,54096.82,54243.19,53902.43,172.75M,0.56%
"Apr 20, 2015",53839.71,53691.57,53980.02,53611.32,142.36M,0.20%
"Apr 17, 2015",53734.04,54147.98,54195.4,53510.41,268.11M,-0.97%
"Apr 16, 2015",54262.27,53904.53,54262.27,53903.4,192.83M,1.01%
"Apr 15, 2015",53720.57,53367.13,53720.57,53343.6,191.23M,0.77%
"Apr 14, 2015",53311.46,53403.98,53656.23,53168.98,183.87M,-0.52%
"Apr 13, 2015",53589.31,53563.12,53750.37,53528.26,181.62M,0.32%
"Apr 10, 2015",53420.78,53133.54,53420.78,53087.4,156.36M,0.82%
"Apr 09, 2015",52984.55,52943.03,53078.68,52765.66,175.15M,0.34%
"Apr 08, 2015",52806,52729.81,52953.8,52595.3,181.16M,0.40%
"Apr 07, 2015",52595.69,52667.65,52727.11,52571.34,173.16M,0.70%
"Apr 02, 2015",52229.32,52299.54,52446.12,52148.89,200.10M,-0.10%
"Apr 01, 2015",52281.14,52023.78,52281.14,51921.3,218.61M,0.19%
"Mar 31, 2015",52181.95,52519.84,52619.16,52103.02,246.41M,-0.52%
"Mar 30, 2015",52455.36,52095.94,52534.09,52095.94,241.62M,1.25%
"Mar 27, 2015",51810.16,51700.15,51821.12,51456.24,186.67M,0.40%
"Mar 26, 2015",51603.93,51996.32,52195.29,51422.2,201.44M,-1.36%
"Mar 25, 2015",52313.02,52663.86,52727.44,52145.08,229.90M,-1.03%
"Mar 24, 2015",52858.12,52492.81,53005.78,52398.7,193.13M,0.57%
"Mar 23, 2015",52559.35,52870.88,52886.96,52481.36,186.67M,-0.14%
"Mar 20, 2015",52631.78,52803.17,52803.17,52465.81,471.29M,-0.21%
"Mar 19, 2015",52741.02,52862.38,53301.9,52741.02,355.18M,1.06%
"Mar 18, 2015",52187.48,52334.69,52482.87,52087.85,191.17M,-0.22%
"Mar 17, 2015",52300.24,52306.07,52561.52,52101.79,214.41M,0.31%
"Mar 16, 2015",52139.15,51855.68,52156.41,51721.58,180.34M,0.66%
"Mar 13, 2015",51798.74,52194.06,52404.12,51706.73,288.59M,-0.84%
"Mar 12, 2015",52240.06,51967.49,52356.04,51967.49,244.36M,0.94%
"Mar 11, 2015",51753.07,52043.99,52214.86,51649.27,318.86M,-0.64%
"Mar 10, 2015",52088.54,52605.99,52626.61,51919.42,-,-1.00%
"Mar 09, 2015",52614.08,52887.39,53027.63,52610.9,201.54M,-1.37%
"Mar 06, 2015",53346.99,53246.14,53432.76,53042.35,253.89M,0.12%
"Mar 05, 2015",53285.6,52818.11,53374.08,52818.11,306.67M,0.75%
"Mar 04, 2015",52891.3,53032.36,53218.78,52833.5,215.29M,-0.45%
"Mar 03, 2015",53130.34,53055.69,53198.77,52871.3,231.51M,0.34%
"Mar 02, 2015",52952.91,53531.95,53575.23,52834.82,206.37M,-0.73%
"Feb 27, 2015",53344.2,53337.63,53381.21,53092.3,226.92M,0.02%
"Feb 26, 2015",53331.16,53330.51,53373.11,53002.66,169.17M,0.21%
"Feb 25, 2015",53217.75,53539.22,53615.42,53145.4,201.60M,-0.29%
"Feb 24, 2015",53374.88,53450.86,53536.45,53314.21,177.33M,0.07%
"Feb 23, 2015",53336.46,53249.72,53385.7,53075.94,165.57M,0.57%
"Feb 20, 2015",53035.26,52825.04,53077.73,52734.31,153.41M,0.38%
"Feb 19, 2015",52835.55,52571.04,52870.76,52315.77,177.96M,0.57%
"Feb 18, 2015",52536.24,53130.12,53188.44,52430.3,221.57M,-0.56%
"Feb 17, 2015",52833.48,52945,53156.17,52686.25,229.00M,-0.31%
"Feb 16, 2015",52995.89,52964.94,53097.23,52803.9,134.05M,0.05%
"Feb 13, 2015",52967.63,52761.9,52984.63,52699.09,191.49M,0.88%
"Feb 12, 2015",52507.93,52010.03,52507.93,51990.67,206.12M,0.84%
"Feb 11, 2015",52069.3,52139.8,52274.26,52027.6,179.66M,-0.08%
"Feb 10, 2015",52109.54,52209.01,52342.3,51928.18,218.53M,0.01%
"Feb 09, 2015",52105.38,51817.86,52105.38,51707.04,161.26M,0.21%
"Feb 06, 2015",51998.32,51852.44,52035.84,51621.31,174.86M,0.60%
"Feb 05, 2015",51688.7,51606.91,51702.14,51323.92,190.19M,0.11%
"Feb 04, 2015",51630.82,52064.03,52154.75,51565.41,251.38M,-0.61%
"Feb 03, 2015",51949.33,51720.16,52139.1,51493.76,203.96M,1.08%
"Feb 02, 2015",51394.55,51324.01,51497.77,51086.23,156.63M,0.25%
"Jan 30, 2015",51266.81,51022.68,51353.37,50970.88,243.46M,0.63%
"Jan 29, 2015",50945.56,50954.95,51287.64,50900.43,193.09M,-0.50%
"Jan 28, 2015",51200.57,50958.42,51339.86,50904.17,182.55M,0.97%
"Jan 27, 2015",50711.09,50509.29,50979.73,50451.83,218.96M,0.74%
"Jan 26, 2015",50337.98,49694.02,50366.3,49649.76,170.28M,1.05%
"Jan 23, 2015",49816.57,50214.96,50302.17,49727.29,177.92M,-0.11%
"Jan 22, 2015",49872.69,49982.01,50343.09,49822.26,226.18M,0.57%
"Jan 21, 2015",49588.79,49447.13,49662.48,49286.91,322.53M,0.94%
"Jan 20, 2015",49124.77,49079.55,49299.31,49010.92,179.92M,0.26%
"Jan 19, 2015",48996.94,48632.48,49025.44,48546.66,155.82M,1.11%
"Jan 16, 2015",48458.25,48299.27,48530.28,48155.14,184.38M,-0.14%
"Jan 15, 2015",48524.25,48506.08,48879.12,47960.31,221.28M,0.97%
"Jan 14, 2015",48057.46,48631.74,48827.28,47855.72,206.30M,-2.78%
"Jan 13, 2015",49433,48622.35,49522.72,48591.8,179.83M,1.99%
"Jan 12, 2015",48468.39,48910.14,49281.67,48468.39,159.38M,-0.98%
"Jan 09, 2015",48950.5,49695.89,49695.89,48950.5,153.64M,-1.30%
"Jan 08, 2015",49595.44,49230.74,49595.44,48918.98,129.90M,1.30%
"Jan 07, 2015",48961.06,48392.27,49032.25,48260.96,116.61M,0.75%
"Jan 06, 2015",48598.19,48197.56,48598.19,47964.95,134.10M,1.60%
"Jan 05, 2015",47831.04,49546.65,49681.82,47831.04,127.15M,-3.41%
"Jan 02, 2015",49518.48,49764,50140.82,49513.27,47.18M,-0.51%
"Dec 31, 2014",49770.6,49876.29,49876.29,49757.51,37.82M,0.03%
"Dec 30, 2014",49755.61,50100.26,50100.26,49735.4,65.97M,-0.99%
"Dec 29, 2014",50254.08,49668.4,50254.08,49656.58,62.85M,1.57%
"Dec 24, 2014",49478.57,49529.27,49621.22,49459.64,22.60M,-0.18%
"Dec 23, 2014",49568,49289.26,49650.19,49080.68,88.85M,0.46%
"Dec 22, 2014",49339.32,49514.8,49834.11,49238.85,117.95M,-0.10%
"Dec 19, 2014",49386.71,49634.54,49797.22,49210.2,264.63M,0.20%
"Dec 18, 2014",49290.56,47859.8,49290.56,47859.8,525.77M,4.25%
"Dec 17, 2014",47282.48,46926.18,47456.83,46898.6,287.11M,-0.24%
"Dec 15, 2014",47397.44,47522.65,47887.89,47266.81,167.91M,-1.34%
"Dec 12, 2014",48043.19,48005.08,48115.5,47732.53,218.37M,-0.14%
"Dec 11, 2014",48110.52,48311.98,48701.04,48110.52,228.11M,-1.30%
"Dec 10, 2014",48745.43,48772.23,48925.43,48647.8,233.94M,0.39%
"Dec 09, 2014",48556.55,48821.6,49270.41,48507.35,228.05M,-2.08%
"Dec 08, 2014",49590.2,49474.59,49592.46,49046.22,184.51M,0.17%
"Dec 05, 2014",49506.59,49440.58,49632.94,49357,237.18M,0.23%
"Dec 04, 2014",49392.59,50004.99,50122.31,49283.07,210.49M,-0.93%
"Dec 03, 2014",49857.18,49494.78,49880.31,49272.46,191.27M,0.54%
"Dec 02, 2014",49591.43,49338.34,49593.62,48992.04,199.99M,1.50%
"Dec 01, 2014",48858.76,49188.87,49328.46,48068.13,259.21M,-2.11%
"Nov 28, 2014",49911.37,50146.79,50365.55,49903.26,198.16M,-1.28%
"Nov 27, 2014",50557.83,50330.04,50669.54,50231.43,166.82M,0.40%
"Nov 26, 2014",50355.78,50580.56,50580.56,50217.35,200.79M,-0.30%
"Nov 25, 2014",50507.59,50815.31,50831.86,50278.11,450.98M,-0.43%
"Nov 24, 2014",50727.22,50711.69,50972.21,50511.56,185.47M,-0.25%
"Nov 21, 2014",50855.09,49515.27,50855.09,49450.01,216.75M,3.21%
"Nov 20, 2014",49272.05,50073.02,50199.03,49216.66,222.70M,-1.75%
"Nov 19, 2014",50150.48,50337.34,50378.64,50006.67,183.87M,-0.44%
"Nov 18, 2014",50372.05,50606.25,50606.25,50188.19,228.29M,-0.28%
"Nov 17, 2014",50511.52,50437.02,50675.47,50354.3,158.54M,-0.17%
"Nov 14, 2014",50598.02,50751.67,50778.88,50360.7,204.90M,0.02%
"Nov 13, 2014",50588.4,50617.06,50748.76,50423.02,171.66M,0.42%
"Nov 12, 2014",50374.85,50422.31,50696.49,50338.59,213.04M,0.04%
"Nov 11, 2014",50355.38,50453.89,50508.93,50308.66,192.28M,-0.25%
"Nov 10, 2014",50484.09,50157.84,50494.88,50100.16,208.81M,0.81%
"Nov 07, 2014",50079.44,49754.11,50281.86,49645.27,209.15M,0.99%
"Nov 06, 2014",49587.24,49685.46,49685.46,49409.15,174.32M,-0.26%
"Nov 05, 2014",49717.07,49869.07,49876.32,49605.97,180.69M,-0.14%
"Nov 04, 2014",49788.32,49955.85,50077.44,49661.38,180.08M,-0.47%
"Nov 03, 2014",50022.64,49682.58,50050.52,49588.62,167.50M,0.60%
"Oct 31, 2014",49722.88,49156.65,49722.88,49126.57,236.50M,2.18%
"Oct 30, 2014",48660.44,48992.51,49149.04,48505.61,206.24M,-0.93%
"Oct 29, 2014",49116.76,48783.66,49162.1,48710.22,199.75M,1.35%
"Oct 28, 2014",48460.93,48219.45,48661.12,48091.58,178.67M,0.85%
"Oct 27, 2014",48051.05,47914.12,48408.71,47674.87,149.62M,0.36%
"Oct 24, 2014",47879.45,47900.21,48039.52,47743.05,156.18M,-0.47%
"Oct 23, 2014",48104.66,47891.99,48104.66,47443.56,162.63M,-0.20%
"Oct 22, 2014",48202.91,48675.74,48704.55,48048.04,178.72M,-0.67%
"Oct 21, 2014",48530.47,47421.05,48606.7,47340.74,204.66M,1.96%
"Oct 20, 2014",47599.25,48046.11,48046.11,47573.15,163.00M,-0.50%
"Oct 17, 2014",47836.69,46996.24,47884.49,46891.44,281.46M,2.04%
"Oct 16, 2014",46881.12,46942.27,47195.1,46068.08,252.99M,0.45%
"Oct 15, 2014",46673.38,47761.23,47761.94,46358.62,299.53M,-2.13%
"Oct 14, 2014",47686.85,47329.59,47839.18,47004.73,183.64M,0.67%
"Oct 13, 2014",47368.34,47115.35,47650.05,46811.1,182.55M,0.59%
"Oct 10, 2014",47092.24,47497.34,47736.15,47092.24,196.04M,-2.16%
"Oct 09, 2014",48133.52,48668.86,48869.8,48095.61,201.90M,0.21%
"Oct 08, 2014",48033.62,48355.84,48581.29,48033.62,208.52M,-1.39%
"Oct 07, 2014",48712.45,49310.58,49310.58,48712.45,161.15M,-0.92%
"Oct 06, 2014",49166.2,48727.58,49374.18,48609.7,164.85M,1.14%
"Oct 03, 2014",48613.19,48562.18,48754.1,48407.22,-,0.88%
"Oct 02, 2014",48189.06,48805.74,48877.8,48189.06,171.36M,-1.40%
"Oct 01, 2014",48875.03,49258.63,49543.32,48859,200.70M,-0.93%
"Sep 30, 2014",49336.31,49404.86,49420.58,49131.88,216.16M,-0.07%
"Sep 29, 2014",49371.12,49581.84,49672.68,49218.39,149.29M,-0.59%
"Sep 26, 2014",49663.64,49390.83,49692.1,49198.58,176.74M,0.32%
"Sep 25, 2014",49503.55,50418.23,50418.23,49466.96,181.82M,-1.10%
"Sep 23, 2014",50053.91,50627.79,50627.79,49809.32,202.41M,-0.85%
"Sep 22, 2014",50485.53,51155.32,51155.32,50485.53,176.21M,-1.90%
"Sep 19, 2014",51462.42,51873.9,51902.92,51462.42,262.91M,-0.16%
"Sep 18, 2014",51547.02,51241.03,51578.03,51136.43,285.72M,0.73%
"Sep 17, 2014",51173.03,51311.41,51411.25,51096.01,198.39M,-0.01%
"Sep 16, 2014",51178.07,51215.51,51231.93,50918.33,188.62M,-0.39%
"Sep 15, 2014",51376.57,51247.71,51531.46,51247.71,196.10M,0.25%
"Sep 12, 2014",51247.71,51503.96,51521.78,51128.66,189.08M,0.03%
"Sep 11, 2014",51230.89,51516.31,51516.31,51189.23,148.07M,-0.06%
"Sep 10, 2014",51263.48,51605.95,51628.57,51230.55,185.94M,-0.86%
"Sep 09, 2014",51707.25,51664.31,51848.16,51598.48,146.45M,0.19%
"Sep 08, 2014",51610.13,51590.8,51866.65,51574.69,159.23M,-0.35%
"Sep 05, 2014",51789.4,52029.79,52030.01,51575.45,144.16M,-0.56%
"Sep 04, 2014",52081.22,51702.62,52081.22,51702.62,195.32M,0.56%
"Sep 03, 2014",51793.65,51612.86,51887.34,51441.51,188.00M,0.64%
"Sep 02, 2014",51462.57,51141.3,51534.39,51141.3,166.54M,0.68%
"Sep 01, 2014",51113.87,51093.22,51210.01,50950.45,108.77M,0.30%
"Aug 29, 2014",50959.02,51131.4,51131.4,50804.61,200.39M,-0.34%
"Aug 28, 2014",51133.13,51466.89,51466.89,51099.24,155.55M,-0.92%
"Aug 27, 2014",51610.42,51731.98,51862.77,51536.64,188.70M,-0.23%
"Aug 26, 2014",51729.68,51387.89,51729.68,51362.44,148.56M,0.57%
"Aug 25, 2014",51437.58,51264.7,51437.58,51098.17,86.18M,0.47%
"Aug 22, 2014",51197.16,51514.59,51537.98,51096.93,154.42M,-0.48%
"Aug 21, 2014",51443.43,51376.96,51582.37,51187.48,316.02M,0.01%
"Aug 20, 2014",51436.59,51477.5,51477.5,50995.9,173.51M,0.14%
"Aug 19, 2014",51363.37,51600.58,51805.86,51253.2,157.88M,-0.40%
"Aug 18, 2014",51572.19,51353.11,51600.05,51353.11,137.98M,0.61%
"Aug 15, 2014",51257.72,51314.91,51482.21,51192.89,153.59M,0.36%
"Aug 14, 2014",51073.9,51146.1,51296.29,51066.17,194.68M,-0.38%
"Aug 13, 2014",51266.51,51546.54,51736.13,51183.22,243.14M,-0.35%
"Aug 12, 2014",51449.01,51537.64,51711.29,51431.32,127.23M,-0.14%
"Aug 11, 2014",51523.27,50989.43,51591.29,50978.88,132.84M,1.68%
"Aug 08, 2014",50669.95,50431.38,50759.12,50233.11,344.48M,-0.01%
"Aug 07, 2014",50674.61,51056.33,51123.67,50669.03,443.34M,-0.82%
"Aug 06, 2014",51091.8,51216.72,51310.83,50772.7,301.59M,-0.50%
"Aug 05, 2014",51349.11,51366.3,51624.82,51275.59,152.94M,0.21%
"Aug 04, 2014",51239.56,50952.78,51318.89,50897.07,152.65M,0.63%
"Aug 01, 2014",50917.78,51248.85,51251.59,50628.51,167.83M,-0.93%
"Jul 31, 2014",51396.07,51738.81,51738.81,51396.07,167.33M,-0.72%
"Jul 30, 2014",51770.59,52238.79,52238.79,51738.34,168.66M,-0.90%
"Jul 29, 2014",52242.12,52188.22,52323.61,52154.67,152.68M,0.61%
"Jul 28, 2014",51927.57,51748.02,51999.9,51748.02,135.06M,0.73%
"Jul 25, 2014",51550.17,51716.65,51752.86,51523.52,158.70M,-0.14%
"Jul 24, 2014",51621.52,52010.61,52010.61,51613.51,155.52M,-0.56%
"Jul 23, 2014",51910.92,51885.56,52052.27,51766.6,170.61M,-0.04%
"Jul 22, 2014",51931.33,51693.92,52019.39,51667.86,186.41M,0.99%
"Jul 21, 2014",51420.81,51672.8,51721.63,51354.97,576.26M,-0.53%
"Jul 18, 2014",51695.05,51660.99,51753.4,51339.76,144.91M,-0.18%
"Jul 17, 2014",51789.74,52038.07,52038.07,51605.12,115.97M,-0.55%
"Jul 16, 2014",52076.9,51739.38,52183.37,51677.21,179.49M,0.66%
"Jul 15, 2014",51735.29,51439.88,51803.93,51402.6,148.73M,0.38%
"Jul 14, 2014",51540.88,51327.12,51655.94,51321.27,137.24M,0.74%
"Jul 11, 2014",51161.33,51122.79,51196.85,50887.03,126.34M,0.33%
"Jul 10, 2014",50994.46,51522.76,51522.76,50699.06,161.15M,-0.79%
"Jul 09, 2014",51401.46,51457.88,51480.27,51205.73,147.78M,-0.40%
"Jul 08, 2014",51608.33,51829,51854.84,51490.02,175.44M,-0.52%
"Jul 07, 2014",51877.11,52004.4,52125.99,51749.22,155.18M,-0.35%
"Jul 04, 2014",52060.03,51929.46,52060.03,51864.08,138.74M,0.27%
"Jul 03, 2014",51918.44,51914.82,52101.34,51678.93,319.84M,0.07%
"Jul 02, 2014",51883.71,51661.45,51978.38,51628.32,163.78M,0.78%
"Jul 01, 2014",51480.19,51051.99,51480.19,50947.61,129.87M,1.05%
"Jun 30, 2014",50945.26,50605.43,50945.26,50578.06,140.68M,0.63%
"Jun 27, 2014",50625.37,50757.77,50768.52,50527.5,129.47M,-0.27%
"Jun 26, 2014",50761.82,50566.81,50822.64,50453.62,140.97M,0.82%
"Jun 25, 2014",50350.61,50714.85,50763.05,50190.4,136.36M,-1.06%
"Jun 24, 2014",50890.92,51058.86,51113.67,50733.67,577.39M,-0.33%
"Jun 23, 2014",51058.27,51206.75,51235.39,50842.65,121.31M,-0.52%
"Jun 20, 2014",51322.67,51247.67,51397.11,51234.42,249.31M,0.12%
"Jun 19, 2014",51263.5,50937.46,51324.14,50860.78,268.69M,1.12%
"Jun 18, 2014",50693.95,51015.57,51040.49,50654.01,164.61M,-0.43%
"Jun 17, 2014",50911.05,50903.97,50917.08,50733.96,188.40M,0.29%
"Jun 13, 2014",50763.71,50758.76,50811.7,50518.19,135.34M,0.33%
"Jun 12, 2014",50596.17,50719.65,50719.65,50488.51,161.86M,-0.12%
"Jun 11, 2014",50659.44,50824.99,50993.35,50659.44,180.09M,-0.15%
"Jun 10, 2014",50736.42,50267.08,50736.42,50193.3,191.57M,1.20%
"Jun 09, 2014",50134.53,50025.35,50188.7,49952.85,104.80M,0.40%
"Jun 06, 2014",49933.99,50073.8,50120.69,49873.01,140.86M,-0.13%
"Jun 05, 2014",50000.43,49875.96,50018.61,49729.71,169.10M,0.08%
"Jun 04, 2014",49960.21,49848.57,50054.53,49808.53,135.90M,0.05%
"Jun 03, 2014",49936.54,49819,49936.54,49685.54,183.57M,0.24%
"Jun 02, 2014",49817.89,49739.63,49854.65,49630.62,130.03M,0.37%
"May 30, 2014",49632.7,49684.16,49803.52,49599.85,336.77M,-0.19%
"May 29, 2014",49726.64,49723.69,49778.08,49519.68,133.71M,0.07%
"May 28, 2014",49690.58,49976.79,49976.79,49567.45,157.33M,-0.27%
"May 27, 2014",49824.45,50055.62,50055.62,49824.45,150.26M,-0.39%
"May 26, 2014",50021.72,49996.67,50021.72,49819.25,102.06M,0.14%
"May 23, 2014",49952.69,49914.91,50065.89,49834.22,164.62M,0.12%
"May 22, 2014",49891.36,49817.79,50037.05,49816.97,197.36M,0.49%
"May 21, 2014",49648.12,49518.94,49648.12,49427.19,138.92M,0.06%
"May 20, 2014",49617,49700.91,49787.41,49538.31,184.33M,0.22%
"May 19, 2014",49507.48,49250.79,49615.33,49120.86,142.20M,0.71%
"May 16, 2014",49159.77,49439.7,49562.79,49072.13,149.73M,-0.60%
"May 15, 2014",49454.59,49578.28,49885.84,49380.13,154.48M,-0.36%
"May 14, 2014",49632.23,49331.76,49668.46,49229.04,225.46M,0.88%
"May 13, 2014",49199.7,49368.51,49407.95,49071.9,162.66M,-0.08%
"May 12, 2014",49239.29,49136.73,49327.96,49038.89,174.19M,0.79%
"May 09, 2014",48852.45,48973.53,48993.24,48755.64,139.05M,-0.36%
"May 08, 2014",49026.95,48976.21,49169.39,48963.57,202.17M,0.17%
"May 06, 2014",48942.02,49061.03,49061.03,48736.28,177.15M,0.13%
"May 05, 2014",48880.81,48957.01,49170.24,48785.8,118.58M,-0.43%
"May 02, 2014",49091.16,48893.67,49187.19,48857.22,139.59M,0.45%
"Apr 30, 2014",48870.1,48769.54,48924.3,48743.26,198.02M,-0.13%
"Apr 29, 2014",48935.36,48865.47,48935.36,48611.6,164.23M,0.05%
"Apr 25, 2014",48910.9,48828.27,49052.49,48824.81,135.16M,-0.05%
"Apr 24, 2014",48934.51,48919.91,49069.63,48813.39,177.45M,0.59%
"Apr 23, 2014",48647.62,48643.31,48909.82,48643.31,169.66M,0.01%
"Apr 22, 2014",48643.31,48313.51,48645.66,48313.51,139.39M,0.58%
"Apr 17, 2014",48362.22,48156.42,48362.22,48006.66,143.07M,0.46%
"Apr 16, 2014",48139.69,48089.26,48193.28,47877.38,181.07M,0.73%
"Apr 15, 2014",47789.76,48112.88,48238.11,47746.11,186.63M,-0.88%
"Apr 14, 2014",48213.26,48040.82,48248.83,47922.68,165.69M,0.38%
"Apr 11, 2014",48032.41,48134.79,48224.51,47876.62,185.35M,-1.03%
"Apr 10, 2014",48529.88,48476.96,48683.37,48233.21,221.23M,0.49%
"Apr 09, 2014",48291.88,48207.7,48515.63,48207.7,222.07M,0.46%
"Apr 08, 2014",48069.53,48038.29,48069.53,47814.96,226.06M,0.44%
"Apr 07, 2014",47857.95,47844.5,48107.33,47798.22,195.11M,-1.01%
"Apr 04, 2014",48347.75,48278.68,48409.11,48188.82,218.71M,0.24%
"Apr 03, 2014",48231.39,48350.36,48611.69,48132.55,198.76M,-0.36%
"Apr 02, 2014",48405.9,48369.95,48473.99,48302.69,266.09M,0.63%
"Apr 01, 2014",48104.98,47925.73,48262.95,47878.84,189.22M,0.70%
"Mar 31, 2014",47770.92,47947,48137.67,47770.92,229.72M,-0.33%
"Mar 28, 2014",47930.03,47538.99,47930.03,47492.8,204.98M,1.16%
"Mar 27, 2014",47380.98,47193.57,47426.54,47191.39,193.80M,-0.57%
"Mar 26, 2014",47652.89,47545.32,47766.64,47545.32,188.40M,0.56%
"Mar 25, 2014",47387.56,46917.98,47477,46816.63,154.18M,1.09%
"Mar 24, 2014",46875.37,46708.4,47011.4,46700.42,174.08M,0.79%
"Mar 20, 2014",46508.27,46465.55,46685.15,46300.99,404.20M,-0.34%
"Mar 19, 2014",46666.54,47074.62,47121.44,46595.32,200.54M,-0.83%
"Mar 18, 2014",47059.19,46938.08,47198.13,46610.83,204.59M,0.52%
"Mar 17, 2014",46816.65,46273.71,46847.12,46204.53,160.74M,0.87%
"Mar 14, 2014",46412.4,46245.65,46448.74,46070.98,196.06M,-0.88%
"Mar 13, 2014",46825.52,47298.88,47364.67,46825.52,182.06M,-0.77%
"Mar 12, 2014",47188.84,47291.79,47370.48,47088.98,175.52M,-0.89%
"Mar 11, 2014",47612.81,47391.84,47612.81,47220.41,175.96M,0.61%
"Mar 10, 2014",47322.46,47354.58,47531.71,47168.98,146.74M,-0.97%
"Mar 07, 2014",47786.77,47866.16,48002.23,47766.95,162.78M,-0.07%
"Mar 06, 2014",47819.53,47615.06,47884.79,47492.72,172.09M,0.64%
"Mar 05, 2014",47514.8,47626.86,47691.29,47412.31,193.90M,-0.18%
"Mar 04, 2014",47602.69,47339.36,47643.28,47276.11,219.41M,0.99%
"Mar 03, 2014",47138.32,46896.71,47138.32,46824.12,134.29M,-0.40%
"Feb 28, 2014",47328.92,47164.45,47328.92,46991.57,241.33M,0.59%
"Feb 27, 2014",47049.79,47215.86,47321.19,46905.96,165.37M,0.07%
"Feb 26, 2014",47017.19,47108.65,47160.75,46900.94,171.02M,0.13%
"Feb 25, 2014",46956.75,47352.4,47494.19,46956.75,193.32M,-0.92%
"Feb 24, 2014",47394,47226.39,47614.47,47194.43,156.77M,-0.12%
"Feb 21, 2014",47452.24,47539.48,47616.85,47256.77,164.16M,0.64%
"Feb 20, 2014",47149.35,47339.09,47339.09,47041.41,177.46M,-0.61%
"Feb 19, 2014",47438.31,47296.23,47438.31,47174.19,184.84M,0.69%
"Feb 18, 2014",47112.43,47241.76,47265.19,46880.13,134.91M,0.18%
"Feb 17, 2014",47027.54,46826.65,47175.98,46824.52,147.34M,0.86%
"Feb 14, 2014",46628.74,46493.14,46689.22,46488.01,143.44M,0.82%
"Feb 13, 2014",46251.77,46322.27,46539.07,46146.84,176.26M,-0.37%
"Feb 12, 2014",46425.11,46073.65,46430.3,46029.8,188.05M,1.22%
"Feb 11, 2014",45866.02,46009.99,46233.3,45750.21,199.26M,-0.12%
"Feb 10, 2014",45920.87,45577.12,45942.64,45521.12,165.25M,1.28%
"Feb 07, 2014",45340.76,45174.38,45385.17,45038.73,185.57M,0.79%
"Feb 06, 2014",44985.34,44599.6,44985.34,44326.81,252.38M,1.14%
"Feb 05, 2014",44477.18,44388.26,44571.86,44220.99,195.98M,0.06%
"Feb 04, 2014",44451.57,44370.3,44525.25,44145.42,251.06M,-1.12%
"Feb 03, 2014",44956.91,45005,45417.12,44826.17,173.14M,-0.39%
"Jan 31, 2014",45132.1,45249.63,45370.42,44945.9,284.59M,-0.10%
"Jan 30, 2014",45178.25,45654.26,45654.26,45147.73,423.85M,-0.85%
"Jan 29, 2014",45564.62,46093.71,46394.87,45392.97,247.78M,-0.35%
"Jan 28, 2014",45724.7,45675.28,45805.77,45580.56,168.23M,-0.06%
"Jan 27, 2014",45750.7,45938.4,46099.13,45670.44,179.03M,-1.53%
"Jan 24, 2014",46462.14,46998.64,47052.46,46395.07,196.30M,-1.24%
"Jan 23, 2014",47045.44,46885.6,47348.48,46885.6,195.66M,0.09%
"Jan 22, 2014",47000.95,46971.09,47000.95,46766.78,149.60M,0.24%
"Jan 21, 2014",46889.64,46946.91,46946.91,46723.68,176.02M,-0.10%
"Jan 20, 2014",46934.59,46643.52,46974.14,46481.19,158.20M,0.55%
"Jan 17, 2014",46675.88,46798.01,46966.36,46646.37,221.16M,-0.11%
"Jan 16, 2014",46728.46,46470.81,46798.02,46110.96,154.96M,0.62%
"Jan 15, 2014",46442.45,46090.08,46545.89,46090.08,144.17M,1.00%
"Jan 14, 2014",45982.07,45668.54,46033.7,45638.39,145.34M,-0.10%
"Jan 13, 2014",46030.25,45622.39,46030.25,45622.39,134.14M,1.06%
"Jan 10, 2014",45548.15,45455.26,45701.19,45334.78,145.29M,0.23%
"Jan 09, 2014",45444.59,45686.89,45795.15,45444.59,132.76M,-0.55%
"Jan 08, 2014",45696.97,45879.6,46108.41,45662.59,118.05M,-0.37%
"Jan 07, 2014",45867.52,45910.32,46111.84,45851.49,120.52M,-0.07%
"Jan 06, 2014",45897.44,46021.48,46351.27,45842.86,98.14M,-0.67%
"Jan 03, 2014",46206.09,46465.82,46465.82,46093.54,65.92M,-0.82%
"Jan 02, 2014",46589.7,46410.01,46836.02,46354.3,69.59M,0.72%
"Dec 31, 2013",46256.23,46019.28,46290.2,45873.17,38.32M,0.27%
"Dec 30, 2013",46131.29,45901.82,46131.29,45898.1,67.84M,0.87%
"Dec 27, 2013",45735.26,45015.06,45773.92,45009.77,63.36M,1.83%
"Dec 24, 2013",44912.8,44807.36,44976.63,44791.21,27.36M,0.36%
"Dec 23, 2013",44753.19,44589.42,44843.21,44589.42,93.06M,0.40%
"Dec 20, 2013",44574.25,44335.46,44609.07,44261.82,227.95M,0.56%
"Dec 19, 2013",44327.84,44368.82,44483.63,44039.35,303.87M,0.92%
"Dec 18, 2013",43925.38,43887.34,44007.69,43669.14,154.25M,0.17%
"Dec 17, 2013",43848.95,43554.59,43918.07,43409.98,163.32M,1.54%
"Dec 13, 2013",43185.73,43485.55,43640.45,42921.45,197.95M,-0.15%
"Dec 12, 2013",43252.17,43975.42,44067.53,43252.17,238.36M,-2.67%
"Dec 11, 2013",44436.86,44481.66,44649.14,44281.3,186.10M,-0.46%
"Dec 10, 2013",44640.98,44805.5,44888.38,44450.16,175.25M,-0.20%
"Dec 09, 2013",44732.42,44659.82,44768.35,44377.9,134.13M,0.26%
"Dec 06, 2013",44616.21,44302.68,44751.04,44265.98,183.76M,0.72%
"Dec 05, 2013",44297.66,44064.5,44563.68,44064.5,154.87M,0.71%
"Dec 04, 2013",43986.37,44019.31,44363.9,43913.22,195.50M,0.05%
"Dec 03, 2013",43962.83,44454.3,44518.87,43886.47,196.06M,-1.56%
"Dec 02, 2013",44659.37,44826.9,44933.07,44649.93,109.49M,-0.70%
"Nov 29, 2013",44975.67,44984.15,45025.03,44786.31,156.72M,-0.18%
"Nov 28, 2013",45058.22,44577.56,45058.22,44553.32,197.75M,1.11%
"Nov 27, 2013",44564.01,44068.12,44564.01,44037.98,188.85M,1.31%
"Nov 26, 2013",43988.14,44595.54,44595.54,43963.49,254.51M,-1.27%
"Nov 25, 2013",44552.51,44517.92,44788,44495.42,155.83M,0.26%
"Nov 22, 2013",44435.61,44831.16,44909,44172.3,177.39M,-0.68%
"Nov 21, 2013",44741.55,44919.86,44919.86,44613.8,141.32M,-1.02%
"Nov 20, 2013",45201.08,44975.73,45243.68,44964.48,266.88M,0.14%
"Nov 19, 2013",45138.13,45350.77,45350.77,44948.26,165.42M,-0.64%
"Nov 18, 2013",45428.85,45307.85,45428.85,45149.49,159.64M,0.56%
"Nov 15, 2013",45174.18,45126.75,45333.36,44958.96,167.12M,0.60%
"Nov 14, 2013",44903.85,45245.46,45309.57,44845.81,149.06M,0.62%
"Nov 13, 2013",44625,45175.13,45263.1,44548.85,256.12M,-1.81%
"Nov 12, 2013",45448.28,45573.32,45669.47,45297.42,171.29M,-0.09%
"Nov 11, 2013",45488.18,45629.34,45732.95,45426.15,163.95M,0.02%
"Nov 08, 2013",45481.19,45641.67,45704.76,45365.12,170.56M,-1.27%
"Nov 07, 2013",46068.47,46169.97,46286.18,45980.94,166.46M,-0.27%
"Nov 06, 2013",46192.91,45925.06,46192.91,45925.06,185.30M,0.97%
"Nov 05, 2013",45750.23,45723.41,45991.49,45712.4,155.68M,0.17%
"Nov 04, 2013",45671.44,45624.26,45720.15,45495.68,107.94M,0.24%
"Nov 01, 2013",45561.08,45485.46,45674.75,45469.89,133.35M,0.10%
"Oct 31, 2013",45517.56,45507.03,45659.25,45392.87,166.08M,-0.21%
"Oct 30, 2013",45611.91,45515.28,45676.01,45448.08,130.41M,0.37%
"Oct 29, 2013",45443.88,45248.82,45572.76,45222.27,132.58M,0.09%
"Oct 28, 2013",45401.67,45293.68,45485.02,45291.7,125.78M,0.62%
"Oct 25, 2013",45124.04,45056.12,45177.47,44967.97,145.05M,0.13%
"Oct 24, 2013",45063.49,45128.67,45189.29,44919.42,150.40M,0.06%
"Oct 23, 2013",45035.78,45266.63,45266.63,44980.26,154.16M,-0.71%
"Oct 22, 2013",45357.81,45058.16,45486.01,45022.45,181.56M,0.96%
"Oct 21, 2013",44926.71,44897.6,44993.13,44849.39,130.12M,0.53%
"Oct 18, 2013",44689.29,44753.21,44753.21,44547.62,161.45M,0.39%
"Oct 17, 2013",44514.12,44494.34,44623.47,44375.64,161.71M,0.22%
"Oct 16, 2013",44418.01,44177.79,44519.96,44142.76,192.26M,0.27%
"Oct 15, 2013",44297.17,43891.46,44320.69,43891.46,160.03M,1.31%
"Oct 14, 2013",43723.16,43483.13,43774.57,43346.86,105.37M,0.24%
"Oct 11, 2013",43620.57,43466.19,43657.1,43416.92,186.05M,0.69%
"Oct 10, 2013",43321.36,42853.94,43321.36,42828.24,-,1.27%
"Oct 09, 2013",42779.87,43158.51,43174.8,42741.16,161.39M,-1.10%
"Oct 08, 2013",43253.61,43704.21,43706.08,43193.29,155.02M,-1.08%
"Oct 07, 2013",43725.7,43661.87,43725.7,43529.8,125.57M,-0.46%
"Oct 04, 2013",43925.68,43881.11,44012.24,43632.91,135.12M,-0.18%
"Oct 03, 2013",44006.86,43972.24,44199.22,43907.87,195.39M,0.09%
"Oct 02, 2013",43967.84,44021.56,44059.68,43766.97,153.79M,0.05%
"Oct 01, 2013",43946.53,43876.51,44058.85,43788.07,-,-0.19%
"Sep 30, 2013",44031.83,43985.8,44113.04,43871.59,220.55M,-0.74%
"Sep 27, 2013",44358.74,44499.69,44571.75,44230.13,171.45M,0.02%
"Sep 26, 2013",44350.31,44469.72,44601.69,44279.05,147.47M,-0.23%
"Sep 25, 2013",44453.88,44020.58,44453.88,43965.31,234.08M,0.99%
"Sep 23, 2013",44017.73,44051.46,44133.37,43944.91,-,-0.17%
"Sep 20, 2013",44094.31,44205.35,44277.61,44022.37,330.42M,-0.47%
"Sep 19, 2013",44302.94,44052.72,44382.72,44052.72,329.04M,2.15%
"Sep 18, 2013",43371.44,43692.16,43744.89,43333.55,177.28M,-0.89%
"Sep 17, 2013",43762.87,43580.74,43805.24,43503.31,185.47M,0.39%
"Sep 16, 2013",43594.92,43850.22,43865.54,43501.35,151.28M,-0.02%
"Sep 13, 2013",43602.64,43626.9,43632.76,43467.32,172.08M,-0.34%
"Sep 12, 2013",43752.3,43373.37,43776.71,43359.44,211.98M,0.77%
"Sep 11, 2013",43419.32,43455.82,43519.14,43301.83,184.62M,-0.29%
"Sep 10, 2013",43545.83,43099.09,43545.83,43067.8,234.75M,1.81%
"Sep 09, 2013",42769.62,42916.98,42916.98,42655.23,168.12M,-0.16%
"Sep 06, 2013",42837.71,42768.81,42971.5,42514.34,153.88M,0.09%
"Sep 05, 2013",42797.21,42656.47,42925.15,42653.69,173.89M,0.65%
"Sep 04, 2013",42522.8,42804.02,42804.02,42328.51,156.30M,-0.86%
"Sep 03, 2013",42892.25,42789.13,43056.34,42700.36,147.34M,0.39%
"Sep 02, 2013",42725.7,42407.7,42735.98,42378.16,165.58M,1.18%
"Aug 30, 2013",42228.34,42495.4,42596.53,42001.67,255.55M,-0.47%
"Aug 29, 2013",42429.36,42415.25,42704.7,42293.86,219.27M,0.28%
"Aug 28, 2013",42311,42794.23,42817.96,42301.85,191.24M,-1.79%
"Aug 27, 2013",43082.83,43189.47,43349.15,42866.26,244.12M,-0.48%
"Aug 26, 2013",43290.55,43038.22,43323.01,42994.94,134.68M,0.69%
"Aug 23, 2013",42994.92,42878.29,43036.03,42760.77,169.06M,-0.05%
"Aug 22, 2013",43014.44,42684.7,43014.44,42678.81,222.10M,0.59%
"Aug 21, 2013",42762.37,42673.6,42839.63,42604.75,141.86M,-0.01%
"Aug 20, 2013",42765.22,42582.85,42840.13,42482.57,172.47M,-0.36%
"Aug 19, 2013",42920.22,43098.28,43098.28,42811.69,171.97M,-0.28%
"Aug 16, 2013",43042.11,42659.64,43042.11,42649.74,151.72M,1.25%
"Aug 15, 2013",42509.7,43097.39,43097.39,42458.64,144.13M,-1.18%
"Aug 14, 2013",43019.21,42687.8,43019.21,42680,159.07M,0.78%
"Aug 13, 2013",42685.35,42516.37,42685.35,42469.16,209.84M,0.44%
"Aug 12, 2013",42497.3,42232.36,42497.3,42012.54,179.65M,1.80%
"Aug 08, 2013",41747.16,41681.69,41898.86,41595.06,141.03M,0.35%
"Aug 07, 2013",41600.03,41430.53,41600.03,41282.34,180.54M,0.06%
"Aug 06, 2013",41573.71,41810,41891.31,41543.67,175.78M,-0.55%
"Aug 05, 2013",41803.93,41764.52,41998.77,41565.76,174.70M,0.25%
"Aug 02, 2013",41700.19,42047.44,42066.67,41700.19,175.70M,-0.50%
"Aug 01, 2013",41909.39,41352.89,41909.39,41352.89,181.20M,1.49%
"Jul 31, 2013",41292.84,40943.97,41293.58,40791.78,178.78M,0.74%
"Jul 30, 2013",40991.3,40884.2,41105.74,40764.75,184.48M,0.42%
"Jul 29, 2013",40819.98,40681.44,40892.67,40610.85,155.26M,0.80%
"Jul 26, 2013",40497.81,40846.56,40912.67,40405.95,168.55M,-0.59%
"Jul 25, 2013",40739.95,40944.04,40944.04,40398.22,147.73M,-0.36%
"Jul 24, 2013",40886.61,41019.28,41225.14,40728.19,196.43M,-0.70%
"Jul 23, 2013",41176.57,41014.6,41232.58,41001.16,154.69M,0.69%
"Jul 22, 2013",40894.05,40818.27,40941.41,40560.31,159.11M,0.85%
"Jul 19, 2013",40549.4,40967.09,41063.08,40549.4,163.21M,-1.45%
"Jul 18, 2013",41147.6,40800.85,41147.6,40653.22,177.57M,0.49%
"Jul 17, 2013",40946.04,40562.25,40994.59,40525.12,228.75M,1.39%
"Jul 16, 2013",40385.34,40902.46,40902.46,40268.53,142.57M,-0.87%
"Jul 15, 2013",40740.14,40876.82,41097.61,40644.23,117.35M,0.01%
"Jul 12, 2013",40734.89,40779.82,40886.24,40662.18,142.17M,0.47%
"Jul 11, 2013",40543,40443.63,40555.59,40282.34,156.36M,2.28%
"Jul 10, 2013",39638.54,39791.45,39992.16,39384.02,161.99M,-0.33%
"Jul 09, 2013",39769.08,39830.17,40180.41,39717.22,138.14M,-0.07%
"Jul 08, 2013",39795.17,39568.36,39914.96,39216.13,144.80M,1.60%
"Jul 05, 2013",39169.83,40062.65,40062.65,39169.83,145.57M,-2.15%
"Jul 04, 2013",40030.19,39503.68,40108.35,39500.68,176.98M,1.75%
"Jul 03, 2013",39343.31,39657.34,39657.34,39186.87,247.22M,-1.26%
"Jul 02, 2013",39844.7,40029.68,40029.68,39702.9,171.23M,-0.22%
"Jul 01, 2013",39932.83,39385.95,40204.57,39195.38,178.91M,0.90%
"Jun 28, 2013",39578.1,39281.25,39666.6,39068.47,295.35M,1.27%
"Jun 27, 2013",39083.31,39014.55,39132.13,38589.51,266.16M,0.35%
"Jun 26, 2013",38946.07,38478.42,38984.36,38231.62,250.05M,1.20%
"Jun 25, 2013",38484.19,38170.26,38528.24,37840.23,253.77M,1.07%
"Jun 24, 2013",38075.22,38755.98,38846.99,37931.8,220.58M,-2.41%
"Jun 21, 2013",39016.62,39583.28,39778.84,38959.13,410.88M,-1.31%
"Jun 20, 2013",39536.08,40148.34,40290.93,39522.42,402.31M,-3.06%
"Jun 19, 2013",40784.31,41093.3,41097.82,40527.28,253.59M,-0.53%
"Jun 18, 2013",41003.25,40443.47,41022.65,40332.07,285.56M,1.69%
"Jun 14, 2013",40323.62,40116.79,40323.62,39790.55,242.10M,1.29%
"Jun 13, 2013",39811.78,39164.22,39851.08,39018.34,293.80M,0.11%
"Jun 12, 2013",39766.53,39550.04,39959.9,39524.47,246.58M,0.37%
"Jun 11, 2013",39621,40850.73,40850.73,39613.53,321.69M,-3.21%
"Jun 10, 2013",40933.88,41106.29,41159.64,40811.7,213.87M,0.30%
"Jun 07, 2013",40813.33,40329.83,40813.33,40103.29,694.89M,1.17%
"Jun 06, 2013",40341.24,40717.77,40777.2,40247.89,304.06M,-1.11%
"Jun 05, 2013",40793.81,40970.26,40970.26,40577.37,281.22M,-0.25%
"Jun 04, 2013",40897.68,41232.85,41257.08,40805.09,250.69M,-0.15%
"Jun 03, 2013",40957.61,41586.5,41619.57,40815.65,242.83M,-2.52%
"May 31, 2013",42016.45,42207.85,42207.85,41670.27,-,0.18%
"May 30, 2013",41941.88,41298.2,41941.88,41290.48,281.51M,1.72%
"May 29, 2013",41233.07,41831.84,41831.84,41233.07,208.07M,-1.76%
"May 28, 2013",41971.17,41489.13,41983.66,41327.98,206.08M,1.30%
"May 27, 2013",41432.46,41069.9,41432.46,40998.68,120.14M,1.06%
"May 24, 2013",40998.58,40988.28,41134.9,40730.18,205.66M,0.35%
"May 23, 2013",40855.89,41120.86,41411.67,40725.93,246.67M,-2.34%
"May 22, 2013",41836.02,41859.56,42016.65,41416.49,236.40M,0.05%
"May 21, 2013",41815.36,41345.31,41815.36,41317.16,293.63M,1.79%
"May 20, 2013",41079.55,41614.74,41614.74,40770.18,291.91M,-0.81%
"May 17, 2013",41413.44,41544.95,41633.71,41335.87,225.94M,-0.03%
"May 16, 2013",41427.76,41115.7,41469.1,41017.8,264.38M,1.01%
"May 15, 2013",41014.98,40685.67,41014.98,40655.01,236.16M,0.75%
"May 14, 2013",40711.32,40465.35,40711.32,40291.91,228.16M,0.75%
"May 13, 2013",40407.27,40337.53,40444.53,40138.96,169.39M,0.44%
"May 10, 2013",40232.05,40442.35,40564.24,40083.6,197.23M,-0.26%
"May 09, 2013",40337.81,40435.1,40664.82,40291.89,220.28M,-0.29%
"May 08, 2013",40456.62,40028.09,40456.62,40003.15,256.49M,1.59%
"May 07, 2013",39821.48,39885.49,40084.17,39760.33,-,-0.02%
"May 06, 2013",39828.96,39652.09,39904.3,39603.15,148.82M,0.60%
"May 03, 2013",39592.28,39054.13,39636.16,38896.95,271.09M,1.30%
"May 02, 2013",39082.85,38826.85,39082.85,38740.86,214.42M,0.90%
"Apr 30, 2013",38735,39112.72,39153.13,38614.59,250.88M,-0.74%
"Apr 29, 2013",39025.64,39090,39243.15,38859.5,144.25M,-0.15%
"Apr 26, 2013",39082.42,39061.86,39274.92,38997,181.88M,-0.12%
"Apr 25, 2013",39128.87,38819.93,39295.27,38803.06,206.20M,0.89%
"Apr 24, 2013",38783.07,38815.68,38901.07,38554.02,222.34M,0.10%
"Apr 23, 2013",38742.43,38181.82,38826.65,38181.82,228.47M,1.50%
"Apr 22, 2013",38169.13,38501.68,38632.12,38023.79,201.90M,-0.66%
"Apr 19, 2013",38422.21,38113.72,38422.21,38075.97,211.94M,1.50%
"Apr 18, 2013",37852.62,37935.55,38006.51,37717.78,204.08M,0.13%
"Apr 17, 2013",37801.67,38568.42,38568.42,37801.67,235.02M,-1.63%
"Apr 16, 2013",38429.66,38223.19,38506.15,38223.19,203.70M,1.12%
"Apr 15, 2013",38003.7,38352.08,38378.83,37736.86,-,-1.62%
"Apr 12, 2013",38630.54,39070.61,39070.61,38468.74,184.09M,-1.23%
"Apr 11, 2013",39109.98,39083.99,39146.1,38878.4,163.32M,0.10%
"Apr 10, 2013",39070.57,38777.63,39076.91,38701.93,228.34M,1.37%
"Apr 09, 2013",38540.81,38759.3,38799.05,38379.93,223.55M,-0.11%
"Apr 08, 2013",38582.95,38711.92,38809.19,38518.23,188.65M,0.21%
"Apr 05, 2013",38500.21,39144.33,39165.81,38385.45,236.68M,-1.45%
"Apr 04, 2013",39064.88,39435.37,39498.45,39014.9,192.81M,-0.89%
"Apr 03, 2013",39414.34,39987.16,39987.16,39408.58,191.06M,-1.57%
"Apr 02, 2013",40041.32,39937,40117.45,39908.32,174.13M,0.45%
"Mar 28, 2013",39860.84,39924.77,39943.75,39778.86,190.54M,-0.05%
"Mar 27, 2013",39882.44,40359.18,40465.12,39743.42,207.25M,-0.92%
"Mar 26, 2013",40253.25,40121.04,40314.93,40075.8,233.99M,0.61%
"Mar 25, 2013",40008.7,40126.34,40180.23,39932.99,179.55M,-0.14%
"Mar 22, 2013",40063.38,40167.45,40209.05,39960.93,207.00M,-0.63%
"Mar 20, 2013",40318.79,40336.68,40502.3,40309.35,303.28M,-0.07%
"Mar 19, 2013",40346.17,40460.82,40539.61,40242.31,209.23M,-0.31%
"Mar 18, 2013",40470.65,40437.59,40566.05,40293.4,194.50M,-0.70%
"Mar 15, 2013",40757.94,40946.23,41023.76,40757.94,440.83M,-0.37%
"Mar 14, 2013",40908.58,40809.58,41047.72,40789.25,243.07M,0.08%
"Mar 13, 2013",40876.1,41002.15,41040.11,40829.8,253.09M,-0.19%
"Mar 12, 2013",40952.46,40900.82,41026.24,40795.84,193.29M,-0.08%
"Mar 11, 2013",40984.22,40742.18,41019.89,40714.69,-,0.62%
"Mar 08, 2013",40732.81,40702.07,40915.9,40675.21,228.31M,0.03%
"Mar 07, 2013",40719.68,40509.87,40740.89,40375.85,225.39M,0.70%
"Mar 06, 2013",40437.25,40511.12,40668.35,40420.16,230.46M,-0.27%
"Mar 05, 2013",40546.24,39887.09,40558.52,39887.09,216.23M,1.76%
"Mar 04, 2013",39844.24,39975.05,39975.05,39800.76,198.26M,-0.72%
"Mar 01, 2013",40134.97,39777.08,40179.3,39735.12,232.54M,1.07%
